lr-AdamW,step,val_loss_clf,val_acc,val_loss_total,epoch,train_loss_clf,train_acc,train_loss_total
3.9999999999999996e-05,0,,,,,,,
,15,2.270819664001465,0.1569230854511261,2.270819664001465,0,,,
,15,,,,0,2.2832374572753906,0.1318359375,2.2832374572753906
4.046981127041262e-05,16,,,,,,,
,31,2.208651542663574,0.2838461697101593,2.208651542663574,1,,,
,31,,,,1,2.240835189819336,0.2568359375,2.240835189819336
4.18783254040265e-05,32,,,,,,,
,47,2.1618223190307617,0.3115384578704834,2.1618223190307617,2,,,
,47,,,,2,2.195376396179199,0.2939453125,2.195376396179199
4.422278516828099e-05,48,,,,,,,
,63,2.107736825942993,0.32692307233810425,2.107736825942993,3,,,
,63,,,,3,2.14888334274292,0.32958984375,2.14888334274292
4.749860117309176e-05,64,,,,,,,
,79,2.0467588901519775,0.32384616136550903,2.0467588901519775,4,,,
,79,,,,4,2.098278760910034,0.33349609375,2.098278760910034
5.169936085479667e-05,80,,,,,,,
,95,1.984472632408142,0.3453845977783203,1.984472632408142,5,,,
,95,,,,5,2.0390896797180176,0.34716796875,2.0390896797180176
5.6816841029051204e-05,96,,,,,,,
,111,1.9184679985046387,0.3761538565158844,1.9184679985046387,6,,,
,111,,,,6,1.9867864847183228,0.35986328125,1.9867864847183228
6.284102398809689e-05,112,,,,,,,
,127,1.8576080799102783,0.3700000047683716,1.8576080799102783,7,,,
,127,,,,7,1.934909462928772,0.35986328125,1.934909462928772
6.976011711089562e-05,128,,,,,,,
,143,1.8124006986618042,0.35769233107566833,1.8124006986618042,8,,,
,143,,,,8,1.882153868675232,0.375,1.882153868675232
7.756057594773846e-05,144,,,,,,,
,159,1.7558494806289673,0.36384618282318115,1.7558494806289673,9,,,
,159,,,,9,1.7945524454116821,0.39013671875,1.7945524454116821
8.622713073414218e-05,160,,,,,,,
,175,1.7114862203598022,0.39769232273101807,1.7114862203598022,10,,,
,175,,,,10,1.765537977218628,0.37646484375,1.765537977218628
9.574281628213076e-05,176,,,,,,,
,191,1.6370147466659546,0.3730769455432892,1.6370147466659546,11,,,
,191,,,,11,1.7292133569717407,0.373046875,1.7292133569717407
0.0001060890051903866,192,,,,,,,
,207,1.5888339281082153,0.4007692337036133,1.5888339281082153,12,,,
,207,,,,12,1.6683151721954346,0.37451171875,1.6683151721954346
0.00011724544430826464,208,,,,,,,
,223,1.5645796060562134,0.40076926350593567,1.5645796060562134,13,,,
,223,,,,13,1.6435037851333618,0.38232421875,1.6435037851333618
0.00012919029438228423,224,,,,,,,
,239,1.52073073387146,0.42538464069366455,1.52073073387146,14,,,
,239,,,,14,1.5660552978515625,0.41162109375,1.5660552978515625
0.00014190017280749524,240,,,,,,,
,255,1.474353313446045,0.3946153521537781,1.474353313446045,15,,,
,255,,,,15,1.5501328706741333,0.41552734375,1.5501328706741333
0.00015535019940002325,256,,,,,,,
,271,1.4560894966125488,0.4130769371986389,1.4560894966125488,16,,,
,271,,,,16,1.515695333480835,0.44091796875,1.515695333480835
0.00016951404510119953,272,,,,,,,
,287,1.4795782566070557,0.4069231152534485,1.4795782566070557,17,,,
,287,,,,17,1.4778716564178467,0.4296875,1.4778716564178467
0.0001843639835179292,288,,,,,,,
,303,1.3436366319656372,0.4161538779735565,1.3436366319656372,18,,,
,303,,,,18,1.4654829502105713,0.43505859375,1.4654829502105713
0.0001998709451984077,304,,,,,,,
,319,1.3765549659729004,0.4407692849636078,1.3765549659729004,19,,,
,319,,,,19,1.4216456413269043,0.44482421875,1.4216456413269043
0.00021600457453693745,320,,,,,,,
,335,1.2824978828430176,0.4376923441886902,1.2824978828430176,20,,,
,335,,,,20,1.3456358909606934,0.46923828125,1.3456358909606934
0.00023273328919645243,336,,,,,,,
,351,1.2041499614715576,0.4723077118396759,1.2041499614715576,21,,,
,351,,,,21,1.3353462219238281,0.455078125,1.3353462219238281
0.00025002434193242525,352,,,,,,,
,367,1.1182929277420044,0.5123077034950256,1.1182929277420044,22,,,
,367,,,,22,1.2795002460479736,0.4990234375,1.2795002460479736
0.00026784388469713665,368,,,,,,,
,383,1.1392064094543457,0.5276923179626465,1.1392064094543457,23,,,
,383,,,,23,1.3016552925109863,0.47705078125,1.3016552925109863
0.00028615703489881766,384,,,,,,,
,399,1.0628470182418823,0.5776923298835754,1.0628470182418823,24,,,
,399,,,,24,1.206629753112793,0.49462890625,1.206629753112793
0.00030492794368596236,400,,,,,,,
,415,1.0038186311721802,0.5992308259010315,1.0038186311721802,25,,,
,415,,,,25,1.168204665184021,0.52099609375,1.168204665184021
0.00032411986612313685,416,,,,,,,
,431,1.016951322555542,0.6053846478462219,1.016951322555542,26,,,
,431,,,,26,1.120575189590454,0.5234375,1.120575189590454
0.00034369523312091665,432,,,,,,,
,447,1.1128437519073486,0.5715384483337402,1.1128437519073486,27,,,
,447,,,,27,1.1160708665847778,0.5556640625,1.1160708665847778
0.0003636157249791435,448,,,,,,,
,463,1.017147183418274,0.5430769324302673,1.017147183418274,28,,,
,463,,,,28,1.232590913772583,0.50927734375,1.232590913772583
0.00038384234639953754,464,,,,,,,
,479,1.0163952112197876,0.5,1.0163952112197876,29,,,
,479,,,,29,1.0460683107376099,0.58544921875,1.0460683107376099
0.00040433550282082515,480,,,,,,,
,495,0.9214611649513245,0.5738462209701538,0.9214611649513245,30,,,
,495,,,,30,1.044030785560608,0.56591796875,1.044030785560608
0.0004250550779269517,496,,,,,,,
,511,0.8533692359924316,0.6830769181251526,0.8533692359924316,31,,,
,511,,,,31,1.0434083938598633,0.5859375,1.0434083938598633
0.00044596051217665495,512,,,,,,,
,527,0.9340209364891052,0.6146153807640076,0.9340209364891052,32,,,
,527,,,,32,1.0408293008804321,0.5654296875,1.0408293008804321
0.0004670108822006704,528,,,,,,,
,543,0.8363080620765686,0.6607692837715149,0.8363080620765686,33,,,
,543,,,,33,1.005018711090088,0.57958984375,1.005018711090088
0.0004881649809111501,544,,,,,,,
,559,0.8430612683296204,0.7230769395828247,0.8430612683296204,34,,,
,559,,,,34,0.9861540794372559,0.57861328125,0.9861540794372559
0.0005093813981664703,560,,,,,,,
,575,0.7618467211723328,0.7323077321052551,0.7618467211723328,35,,,
,575,,,,35,0.9431950449943542,0.61328125,0.9431950449943542
0.0005306186018335297,576,,,,,,,
,591,0.798445463180542,0.6261538863182068,0.798445463180542,36,,,
,591,,,,36,0.9034862518310547,0.6123046875,0.9034862518310547
0.0005518350190888497,592,,,,,,,
,607,0.8214076161384583,0.7323076725006104,0.8214076161384583,37,,,
,607,,,,37,0.9798883199691772,0.5869140625,0.9798883199691772
0.0005729891177993294,608,,,,,,,
,623,0.7638223171234131,0.7384616136550903,0.7638223171234131,38,,,
,623,,,,38,0.9449214935302734,0.59716796875,0.9449214935302734
0.0005940394878233453,624,,,,,,,
,639,0.7152636647224426,0.6515384912490845,0.7152636647224426,39,,,
,639,,,,39,0.8872067332267761,0.6259765625,0.8872067332267761
0.0006149449220730483,640,,,,,,,
,655,0.7001691460609436,0.7192308306694031,0.7001691460609436,40,,,
,655,,,,40,0.8903509974479675,0.609375,0.8903509974479675
0.000635664497179175,656,,,,,,,
,671,0.678702712059021,0.7538461089134216,0.678702712059021,41,,,
,671,,,,41,0.8348342776298523,0.65283203125,0.8348342776298523
0.0006561576536004625,672,,,,,,,
,687,0.7011544704437256,0.7346153855323792,0.7011544704437256,42,,,
,687,,,,42,0.7972909808158875,0.6591796875,0.7972909808158875
0.0006763842750208564,688,,,,,,,
,703,0.7271817922592163,0.7192308306694031,0.7271817922592163,43,,,
,703,,,,43,0.8366683721542358,0.66796875,0.8366683721542358
0.0006963047668790832,704,,,,,,,
,719,0.7121734619140625,0.796923041343689,0.7121734619140625,44,,,
,719,,,,44,0.7704771161079407,0.6728515625,0.7704771161079407
0.0007158801338768633,720,,,,,,,
,735,0.6311181783676147,0.7407692670822144,0.6311181783676147,45,,,
,735,,,,45,0.759627103805542,0.67431640625,0.759627103805542
0.0007350720563140377,736,,,,,,,
,751,0.5611201524734497,0.8553846478462219,0.5611201524734497,46,,,
,751,,,,46,0.7404059171676636,0.69775390625,0.7404059171676636
0.0007538429651011822,752,,,,,,,
,767,0.5642890334129333,0.8369230628013611,0.5642890334129333,47,,,
,767,,,,47,0.7380052804946899,0.7099609375,0.7380052804946899
0.0007721561153028634,768,,,,,,,
,783,0.5588906407356262,0.7992308139801025,0.5588906407356262,48,,,
,783,,,,48,0.6873998641967773,0.72802734375,0.6873998641967773
0.0007899756580675747,784,,,,,,,
,799,0.6136438250541687,0.7430769205093384,0.6136438250541687,49,,,
,799,,,,49,0.6604808568954468,0.7431640625,0.6604808568954468
0.0008072667108035476,800,,,,,,,
,815,0.46896812319755554,0.8269230723381042,0.46896812319755554,50,,,
,815,,,,50,0.6226473450660706,0.76220703125,0.6226473450660706
0.0008239954254630627,816,,,,,,,
,831,0.47448453307151794,0.808461606502533,0.47448453307151794,51,,,
,831,,,,51,0.6401561498641968,0.7568359375,0.6401561498641968
0.0008401290548015924,832,,,,,,,
,847,0.4990423321723938,0.8053846955299377,0.4990423321723938,52,,,
,847,,,,52,0.6221550703048706,0.7724609375,0.6221550703048706
0.0008556360164820708,848,,,,,,,
,863,0.5115809440612793,0.8238461017608643,0.5115809440612793,53,,,
,863,,,,53,0.5466480255126953,0.80029296875,0.5466480255126953
0.0008704859548988004,864,,,,,,,
,879,0.3722636103630066,0.9046153426170349,0.3722636103630066,54,,,
,879,,,,54,0.5213726758956909,0.80859375,0.5213726758956909
0.0008846498005999767,880,,,,,,,
,895,0.3731943368911743,0.8607692122459412,0.3731943368911743,55,,,
,895,,,,55,0.5206994414329529,0.82373046875,0.5206994414329529
0.0008980998271925047,896,,,,,,,
,911,0.400562047958374,0.810769259929657,0.400562047958374,56,,,
,911,,,,56,0.4984659254550934,0.82666015625,0.4984659254550934
0.0009108097056177156,912,,,,,,,
,927,0.4452619254589081,0.8046153783798218,0.4452619254589081,57,,,
,927,,,,57,0.47804445028305054,0.8212890625,0.47804445028305054
0.0009227545556917353,928,,,,,,,
,943,0.30529749393463135,0.9261538982391357,0.30529749393463135,58,,,
,943,,,,58,0.47816091775894165,0.82958984375,0.47816091775894165
0.0009339109948096134,944,,,,,,,
,959,0.3592852056026459,0.8453846573829651,0.3592852056026459,59,,,
,959,,,,59,0.4577087461948395,0.83447265625,0.4577087461948395
0.0009442571837178694,960,,,,,,,
,975,0.42907607555389404,0.8330769538879395,0.42907607555389404,60,,,
,975,,,,60,0.3878662586212158,0.85693359375,0.3878662586212158
0.0009537728692658578,976,,,,,,,
,991,0.2980177104473114,0.9200000166893005,0.2980177104473114,61,,,
,991,,,,61,0.4393242299556732,0.83251953125,0.4393242299556732
0.0009624394240522616,992,,,,,,,
,1007,0.31792235374450684,0.8638461232185364,0.31792235374450684,62,,,
,1007,,,,62,0.3965066373348236,0.86376953125,0.3965066373348236
0.0009702398828891044,1008,,,,,,,
,1023,0.4201897382736206,0.8484615087509155,0.4201897382736206,63,,,
,1023,,,,63,0.41948801279067993,0.85546875,0.41948801279067993
0.0009771589760119031,1024,,,,,,,
,1039,0.3283475935459137,0.8607692122459412,0.3283475935459137,64,,,
,1039,,,,64,0.37821003794670105,0.865234375,0.37821003794670105
0.0009831831589709487,1040,,,,,,,
,1055,0.29458358883857727,0.9200000166893005,0.29458358883857727,65,,,
,1055,,,,65,0.35591718554496765,0.87939453125,0.35591718554496765
0.0009883006391452032,1056,,,,,,,
,1071,0.26078084111213684,0.9261538982391357,0.26078084111213684,66,,,
,1071,,,,66,0.3474946618080139,0.8720703125,0.3474946618080139
0.0009925013988269084,1072,,,,,,,
,1087,0.2959100604057312,0.8823076486587524,0.2959100604057312,67,,,
,1087,,,,67,0.4068676829338074,0.849609375,0.4068676829338074
0.000995777214831719,1088,,,,,,,
,1103,0.24079492688179016,0.929230809211731,0.24079492688179016,68,,,
,1103,,,,68,0.3458346724510193,0.8779296875,0.3458346724510193
0.0009981216745959735,1104,,,,,,,
,1119,0.251412957906723,0.9415384531021118,0.251412957906723,69,,,
,1119,,,,69,0.2921840250492096,0.88427734375,0.2921840250492096
0.0009995301887295873,1120,,,,,,,
,1135,0.31210288405418396,0.9107692241668701,0.31210288405418396,70,,,
,1135,,,,70,0.3188839554786682,0.88916015625,0.3188839554786682
0.001,1136,,,,,,,
,1151,0.25785765051841736,0.929230809211731,0.25785765051841736,71,,,
,1151,,,,71,0.33014851808547974,0.88427734375,0.33014851808547974
0.0009999125808060514,1152,,,,,,,
,1167,0.2833927273750305,0.9169230461120605,0.2833927273750305,72,,,
,1167,,,,72,0.33514925837516785,0.88037109375,0.33514925837516785
0.0009996503537927897,1168,,,,,,,
,1183,0.29792508482933044,0.9261538982391357,0.29792508482933044,73,,,
,1183,,,,73,0.36802542209625244,0.87158203125,0.36802542209625244
0.0009992134106552783,1184,,,,,,,
,1199,0.2431458979845047,0.9384615421295166,0.2431458979845047,74,,,
,1199,,,,74,0.30130869150161743,0.89306640625,0.30130869150161743
0.0009986019041829956,1200,,,,,,,
,1215,0.2459305226802826,0.9323076605796814,0.2459305226802826,75,,,
,1215,,,,75,0.3089168667793274,0.88916015625,0.3089168667793274
0.000997816048206409,1216,,,,,,,
,1231,0.3709576427936554,0.8761538863182068,0.3709576427936554,76,,,
,1231,,,,76,0.2789243459701538,0.90576171875,0.2789243459701538
0.0009968561175222016,1232,,,,,,,
,1247,0.44255587458610535,0.879230797290802,0.44255587458610535,77,,,
,1247,,,,77,0.290635347366333,0.89501953125,0.290635347366333
0.0009957224477971825,1248,,,,,,,
,1263,0.2761283814907074,0.9069230556488037,0.2761283814907074,78,,,
,1263,,,,78,0.267586886882782,0.8994140625,0.267586886882782
0.0009944154354509117,1264,,,,,,,
,1279,0.43068942427635193,0.8700000047683716,0.43068942427635193,79,,,
,1279,,,,79,0.29813700914382935,0.89453125,0.29813700914382935
0.0009929355375170809,1280,,,,,,,
,1295,0.28840798139572144,0.9169230461120605,0.28840798139572144,80,,,
,1295,,,,80,0.28469374775886536,0.89111328125,0.28469374775886536
0.0009912832714836976,1296,,,,,,,
,1311,0.22174598276615143,0.9415384531021118,0.22174598276615143,81,,,
,1311,,,,81,0.26454630494117737,0.90283203125,0.26454630494117737
0.0009894592151121324,1312,,,,,,,
,1327,0.5540417432785034,0.854615330696106,0.5540417432785034,82,,,
,1327,,,,82,0.25562480092048645,0.91162109375,0.25562480092048645
0.0009874640062350875,1328,,,,,,,
,1343,0.2828269302845001,0.9230769276618958,0.2828269302845001,83,,,
,1343,,,,83,0.25763779878616333,0.9072265625,0.25763779878616333
0.0009852983425335607,1344,,,,,,,
,1359,0.2470279186964035,0.929230809211731,0.2470279186964035,84,,,
,1359,,,,84,0.2515811324119568,0.9150390625,0.2515811324119568
0.0009829629812928816,1360,,,,,,,
,1375,0.36718398332595825,0.8823076486587524,0.36718398332595825,85,,,
,1375,,,,85,0.23476770520210266,0.9189453125,0.23476770520210266
0.000980458739137906,1376,,,,,,,
,1391,0.2563609182834625,0.9261538982391357,0.2563609182834625,86,,,
,1391,,,,86,0.20716126263141632,0.92724609375,0.20716126263141632
0.0009777864917474587,1392,,,,,,,
,1407,0.19789983332157135,0.9384616017341614,0.19789983332157135,87,,,
,1407,,,,87,0.2410188615322113,0.91015625,0.2410188615322113
0.0009749471735481295,1408,,,,,,,
,1423,0.1928916722536087,0.929230809211731,0.1928916722536087,88,,,
,1423,,,,88,0.21224293112754822,0.9248046875,0.21224293112754822
0.0009719417773875231,1424,,,,,,,
,1439,0.18221576511859894,0.9507691860198975,0.18221576511859894,89,,,
,1439,,,,89,0.2545125484466553,0.91162109375,0.2545125484466553
0.0009687713541870824,1440,,,,,,,
,1455,0.236968994140625,0.9384616017341614,0.236968994140625,90,,,
,1455,,,,90,0.2427702695131302,0.91552734375,0.2427702695131302
0.0009654370125746047,1456,,,,,,,
,1471,0.2308211773633957,0.9200000166893005,0.2308211773633957,91,,,
,1471,,,,91,0.2533617317676544,0.9140625,0.2533617317676544
0.0009619399184965783,1472,,,,,,,
,1487,0.17946191132068634,0.9538461565971375,0.17946191132068634,92,,,
,1487,,,,92,0.2336246222257614,0.91943359375,0.2336246222257614
0.0009582812948104762,1488,,,,,,,
,1503,0.25665369629859924,0.929230809211731,0.25665369629859924,93,,,
,1503,,,,93,0.22694210708141327,0.923828125,0.22694210708141327
0.0009544624208571506,1504,,,,,,,
,1519,0.257340669631958,0.9261538982391357,0.257340669631958,94,,,
,1519,,,,94,0.21996700763702393,0.92626953125,0.21996700763702393
0.0009504846320134736,1520,,,,,,,
,1535,0.17790862917900085,0.9384614825248718,0.17790862917900085,95,,,
,1535,,,,95,0.18343037366867065,0.93212890625,0.18343037366867065
0.0009463493192253872,1536,,,,,,,
,1551,0.2088276892900467,0.9476922750473022,0.2088276892900467,96,,,
,1551,,,,96,0.22308576107025146,0.919921875,0.22308576107025146
0.0009420579285215178,1552,,,,,,,
,1567,0.24527105689048767,0.8853846192359924,0.24527105689048767,97,,,
,1567,,,,97,0.19241228699684143,0.93017578125,0.19241228699684143
0.000937611960507533,1568,,,,,,,
,1583,0.18505939841270447,0.9476922750473022,0.18505939841270447,98,,,
,1583,,,,98,0.23371359705924988,0.916015625,0.23371359705924988
0.0009330129698414117,1584,,,,,,,
,1599,0.19525806605815887,0.9476922750473022,0.19525806605815887,99,,,
,1599,,,,99,0.19753482937812805,0.9326171875,0.19753482937812805
0.0009282625646898148,1600,,,,,,,
,1615,0.18040266633033752,0.9353845715522766,0.18040266633033752,100,,,
,1615,,,,100,0.19709663093090057,0.9287109375,0.19709663093090057
0.0009233624061657436,1616,,,,,,,
,1631,0.2963768243789673,0.9353846907615662,0.2963768243789673,101,,,
,1631,,,,101,0.16703099012374878,0.93896484375,0.16703099012374878
0.0009183142077476857,1632,,,,,,,
,1647,0.23301838338375092,0.929230809211731,0.23301838338375092,102,,,
,1647,,,,102,0.21029984951019287,0.92626953125,0.21029984951019287
0.0009131197346804487,1648,,,,,,,
,1663,0.21174384653568268,0.929230809211731,0.21174384653568268,103,,,
,1663,,,,103,0.16158509254455566,0.943359375,0.16158509254455566
0.0009077808033578921,1664,,,,,,,
,1679,0.1603756546974182,0.9446153044700623,0.1603756546974182,104,,,
,1679,,,,104,0.19186677038669586,0.9326171875,0.19186677038669586
0.0009022992806877745,1680,,,,,,,
,1695,0.20344902575016022,0.9353845715522766,0.20344902575016022,105,,,
,1695,,,,105,0.20264096558094025,0.93603515625,0.20264096558094025
0.0008966770834389369,1696,,,,,,,
,1711,0.17908824980258942,0.9538461565971375,0.17908824980258942,106,,,
,1711,,,,106,0.19662390649318695,0.93017578125,0.19662390649318695
0.0008909161775710499,1712,,,,,,,
,1727,0.1789415180683136,0.9384615421295166,0.1789415180683136,107,,,
,1727,,,,107,0.1863301396369934,0.931640625,0.1863301396369934
0.0008850185775471609,1728,,,,,,,
,1743,0.41971850395202637,0.8853846788406372,0.41971850395202637,108,,,
,1743,,,,108,0.15557174384593964,0.9453125,0.15557174384593964
0.0008789863456292802,1744,,,,,,,
,1759,0.2688048183917999,0.879230797290802,0.2688048183917999,109,,,
,1759,,,,109,0.1596301943063736,0.94775390625,0.1596301943063736
0.0008728215911572529,1760,,,,,,,
,1775,0.27526792883872986,0.9261538982391357,0.27526792883872986,110,,,
,1775,,,,110,0.14859670400619507,0.9404296875,0.14859670400619507
0.0008665264698111694,1776,,,,,,,
,1791,0.20856666564941406,0.9384615421295166,0.20856666564941406,111,,,
,1791,,,,111,0.1924307644367218,0.9267578125,0.1924307644367218
0.0008601031828575701,1792,,,,,,,
,1807,0.2197580337524414,0.929230809211731,0.2197580337524414,112,,,
,1807,,,,112,0.15703590214252472,0.94775390625,0.15703590214252472
0.0008535539763797113,1808,,,,,,,
,1823,0.2193778157234192,0.9007691740989685,0.2193778157234192,113,,,
,1823,,,,113,0.127779021859169,0.95458984375,0.127779021859169
0.0008468811404921587,1824,,,,,,,
,1839,0.28693193197250366,0.879230797290802,0.28693193197250366,114,,,
,1839,,,,114,0.17070679366588593,0.94287109375,0.17070679366588593
0.000840087008539984,1840,,,,,,,
,1855,0.23858436942100525,0.9415384531021118,0.23858436942100525,115,,,
,1855,,,,115,0.143377885222435,0.9443359375,0.143377885222435
0.000833173956282846,1856,,,,,,,
,1871,0.2840498387813568,0.9200000166893005,0.2840498387813568,116,,,
,1871,,,,116,0.1685604751110077,0.9306640625,0.1685604751110077
0.0008261444010642379,1872,,,,,,,
,1887,0.2088138610124588,0.9384615421295166,0.2088138610124588,117,,,
,1887,,,,117,0.14894984662532806,0.94677734375,0.14894984662532806
0.0008190008009661964,1888,,,,,,,
,1903,0.17004026472568512,0.9446154236793518,0.17004026472568512,118,,,
,1903,,,,118,0.16076301038265228,0.94482421875,0.16076301038265228
0.000811745653949763,1904,,,,,,,
,1919,0.1828445941209793,0.9384615421295166,0.1828445941209793,119,,,
,1919,,,,119,0.13888899981975555,0.95556640625,0.13888899981975555
0.0008043814969815022,1920,,,,,,,
,1935,0.158193439245224,0.9599999785423279,0.158193439245224,120,,,
,1935,,,,120,0.16278046369552612,0.94287109375,0.16278046369552612
0.0007969109051463795,1936,,,,,,,
,1951,0.15941539406776428,0.9507691860198975,0.15941539406776428,121,,,
,1951,,,,121,0.14965671300888062,0.94970703125,0.14965671300888062
0.0007893364907473105,1952,,,,,,,
,1967,0.2546970248222351,0.9384614825248718,0.2546970248222351,122,,,
,1967,,,,122,0.12781862914562225,0.95361328125,0.12781862914562225
0.0007816609023916948,1968,,,,,,,
,1983,0.22422121465206146,0.9261538982391357,0.22422121465206146,123,,,
,1983,,,,123,0.14265775680541992,0.94482421875,0.14265775680541992
0.0007738868240652572,1984,,,,,,,
,1999,0.19068637490272522,0.9353845715522766,0.19068637490272522,124,,,
,1999,,,,124,0.13690054416656494,0.95458984375,0.13690054416656494
0.0007660169741935151,2000,,,,,,,
,2015,0.19957466423511505,0.9384615421295166,0.19957466423511505,125,,,
,2015,,,,125,0.1304207593202591,0.9521484375,0.1304207593202591
0.0007580541046912057,2016,,,,,,,
,2031,0.180260568857193,0.9446153044700623,0.180260568857193,126,,,
,2031,,,,126,0.18942967057228088,0.93359375,0.18942967057228088
0.0007500009999999999,2032,,,,,,,
,2047,0.21820764243602753,0.8884615302085876,0.21820764243602753,127,,,
,2047,,,,127,0.14664314687252045,0.94482421875,0.14664314687252045
0.0007418604761148456,2048,,,,,,,
,2063,0.1425018459558487,0.9599999785423279,0.1425018459558487,128,,,
,2063,,,,128,0.15722092986106873,0.94580078125,0.15722092986106873
0.0007336353795992744,2064,,,,,,,
,2079,0.21617087721824646,0.9353846907615662,0.21617087721824646,129,,,
,2079,,,,129,0.11378749459981918,0.95849609375,0.11378749459981918
0.000725328586590021,2080,,,,,,,
,2095,0.15855826437473297,0.9507691860198975,0.15855826437473297,130,,,
,2095,,,,130,0.11808447539806366,0.955078125,0.11808447539806366
0.0007169430017913008,2096,,,,,,,
,2111,0.16272220015525818,0.9446154236793518,0.16272220015525818,131,,,
,2111,,,,131,0.14190083742141724,0.94677734375,0.14190083742141724
0.0007084815574590985,2112,,,,,,,
,2127,0.1626104712486267,0.9538461565971375,0.1626104712486267,132,,,
,2127,,,,132,0.11215996742248535,0.96044921875,0.11215996742248535
0.0006999472123758217,2128,,,,,,,
,2143,0.16135773062705994,0.9569230675697327,0.16135773062705994,133,,,
,2143,,,,133,0.13240459561347961,0.9580078125,0.13240459561347961
0.0006913429508156802,2144,,,,,,,
,2159,0.16411861777305603,0.9538461565971375,0.16411861777305603,134,,,
,2159,,,,134,0.1145537868142128,0.96044921875,0.1145537868142128
0.0006826717815011488,2160,,,,,,,
,2175,0.2038927525281906,0.9476922750473022,0.2038927525281906,135,,,
,2175,,,,135,0.1502644568681717,0.94384765625,0.1502644568681717
0.0006739367365508843,2176,,,,,,,
,2191,0.12641781568527222,0.9723077416419983,0.12641781568527222,136,,,
,2191,,,,136,0.13462361693382263,0.9501953125,0.13462361693382263
0.0006651408704194596,2192,,,,,,,
,2207,0.15493738651275635,0.9476922750473022,0.15493738651275635,137,,,
,2207,,,,137,0.10606628656387329,0.95654296875,0.10606628656387329
0.0006562872588292863,2208,,,,,,,
,2223,0.18087634444236755,0.9476922750473022,0.18087634444236755,138,,,
,2223,,,,138,0.13347479701042175,0.95166015625,0.13347479701042175
0.0006473789976951033,2224,,,,,,,
,2239,0.16391074657440186,0.9507691860198975,0.16391074657440186,139,,,
,2239,,,,139,0.1308194398880005,0.95849609375,0.1308194398880005
0.0006384192020414017,2240,,,,,,,
,2255,0.1710072159767151,0.9569230675697327,0.1710072159767151,140,,,
,2255,,,,140,0.12269067764282227,0.9599609375,0.12269067764282227
0.0006294110049131701,2256,,,,,,,
,2271,0.17495429515838623,0.9599999785423279,0.17495429515838623,141,,,
,2271,,,,141,0.1216379851102829,0.9580078125,0.1216379851102829
0.0006203575562803357,2272,,,,,,,
,2287,0.1746450662612915,0.9538461565971375,0.1746450662612915,142,,,
,2287,,,,142,0.09208094328641891,0.97265625,0.09208094328641891
0.0006112620219362892,2288,,,,,,,
,2303,0.11925078183412552,0.9630769491195679,0.11925078183412552,143,,,
,2303,,,,143,0.11418382823467255,0.95556640625,0.11418382823467255
0.0006021275823908766,2304,,,,,,,
,2319,0.18438217043876648,0.9384615421295166,0.18438217043876648,144,,,
,2319,,,,144,0.10522206127643585,0.9619140625,0.10522206127643585
0.000592957431758243,2320,,,,,,,
,2335,0.14513415098190308,0.9476922750473022,0.14513415098190308,145,,,
,2335,,,,145,0.11408531665802002,0.95947265625,0.11408531665802002
0.0005837547766399216,2336,,,,,,,
,2351,0.20989300310611725,0.9476922750473022,0.20989300310611725,146,,,
,2351,,,,146,0.0899074375629425,0.9677734375,0.0899074375629425
0.0005745228350035547,2352,,,,,,,
,2367,0.14094460010528564,0.9569230675697327,0.14094460010528564,147,,,
,2367,,,,147,0.10106562077999115,0.96142578125,0.10106562077999115
0.0005652648350576414,2368,,,,,,,
,2383,0.13557258248329163,0.9599999785423279,0.13557258248329163,148,,,
,2383,,,,148,0.11036054790019989,0.962890625,0.11036054790019989
0.0005559840141227016,2384,,,,,,,
,2399,0.13870029151439667,0.9661538004875183,0.13870029151439667,149,,,
,2399,,,,149,0.09321761876344681,0.9658203125,0.09321761876344681
0.0005466836174992583,2400,,,,,,,
,2415,0.11787097901105881,0.9723077416419983,0.11787097901105881,150,,,
,2415,,,,150,0.11653614044189453,0.96533203125,0.11653614044189453
0.0005373668973330249,2416,,,,,,,
,2431,0.15337450802326202,0.9507691860198975,0.15337450802326202,151,,,
,2431,,,,151,0.08800466358661652,0.96728515625,0.08800466358661652
0.0005280371114777014,2432,,,,,,,
,2447,0.14106988906860352,0.9630769491195679,0.14106988906860352,152,,,
,2447,,,,152,0.09430970251560211,0.9677734375,0.09430970251560211
0.0005186975223557743,2448,,,,,,,
,2463,0.14908826351165771,0.9569230675697327,0.14908826351165771,153,,,
,2463,,,,153,0.08633868396282196,0.96630859375,0.08633868396282196
0.0005093513958177182,2464,,,,,,,
,2479,0.10478536784648895,0.9661538600921631,0.10478536784648895,154,,,
,2479,,,,154,0.09593211859464645,0.96240234375,0.09593211859464645
0.0005000019999999999,2480,,,,,,,
,2495,0.16508668661117554,0.9630769491195679,0.16508668661117554,155,,,
,2495,,,,155,0.11305191367864609,0.955078125,0.11305191367864609
0.0004906526041822817,2496,,,,,,,
,2511,0.14757280051708221,0.9630769491195679,0.14757280051708221,156,,,
,2511,,,,156,0.0914761945605278,0.96875,0.0914761945605278
0.0004813064776442258,2512,,,,,,,
,2527,0.14698775112628937,0.9569230675697327,0.14698775112628937,157,,,
,2527,,,,157,0.09179733693599701,0.9716796875,0.09179733693599701
0.00047196688852229853,2528,,,,,,,
,2543,0.14814352989196777,0.9569230675697327,0.14814352989196777,158,,,
,2543,,,,158,0.10474054515361786,0.96044921875,0.10474054515361786
0.00046263710266697503,2544,,,,,,,
,2559,0.1387014240026474,0.9692308306694031,0.1387014240026474,159,,,
,2559,,,,159,0.0965661108493805,0.9677734375,0.0965661108493805
0.00045332038250074164,2560,,,,,,,
,2575,0.12385350465774536,0.9599999785423279,0.12385350465774536,160,,,
,2575,,,,160,0.0929199606180191,0.96533203125,0.0929199606180191
0.0004440199858772983,2576,,,,,,,
,2591,0.09957057237625122,0.9599999785423279,0.09957057237625122,161,,,
,2591,,,,161,0.1002611368894577,0.96875,0.1002611368894577
0.0004347391649423588,2592,,,,,,,
,2607,0.11824196577072144,0.9661538600921631,0.11824196577072144,162,,,
,2607,,,,162,0.07856113463640213,0.96875,0.07856113463640213
0.00042548116499644507,2608,,,,,,,
,2623,0.17644090950489044,0.9507691860198975,0.17644090950489044,163,,,
,2623,,,,163,0.07089490443468094,0.97509765625,0.07089490443468094
0.00041624922336007847,2624,,,,,,,
,2639,0.1183231770992279,0.9630769491195679,0.1183231770992279,164,,,
,2639,,,,164,0.08907242119312286,0.97021484375,0.08907242119312286
0.000407046568241757,2640,,,,,,,
,2655,0.14366428554058075,0.9630769491195679,0.14366428554058075,165,,,
,2655,,,,165,0.08942417055368423,0.96044921875,0.08942417055368423
0.00039787641760912347,2656,,,,,,,
,2671,0.11435801535844803,0.9630769491195679,0.11435801535844803,166,,,
,2671,,,,166,0.08012138307094574,0.97314453125,0.08012138307094574
0.00038874197806371076,2672,,,,,,,
,2687,0.14525550603866577,0.9538461565971375,0.14525550603866577,167,,,
,2687,,,,167,0.11376529932022095,0.958984375,0.11376529932022095
0.00037964644371966445,2688,,,,,,,
,2703,0.1558513045310974,0.9599999785423279,0.1558513045310974,168,,,
,2703,,,,168,0.0628187283873558,0.98046875,0.0628187283873558
0.00037059299508682977,2704,,,,,,,
,2719,0.14831998944282532,0.9507692456245422,0.14831998944282532,169,,,
,2719,,,,169,0.08499597758054733,0.97265625,0.08499597758054733
0.0003615847979585982,2720,,,,,,,
,2735,0.15630337595939636,0.9569230675697327,0.15630337595939636,170,,,
,2735,,,,170,0.07422495633363724,0.97607421875,0.07422495633363724
0.0003526250023048967,2736,,,,,,,
,2751,0.13357150554656982,0.9630769491195679,0.13357150554656982,171,,,
,2751,,,,171,0.0887310802936554,0.9716796875,0.0887310802936554
0.0003437167411707137,2752,,,,,,,
,2767,0.41443759202957153,0.9130769371986389,0.41443759202957153,172,,,
,2767,,,,172,0.07723062485456467,0.9716796875,0.07723062485456467
0.00033486312958054055,2768,,,,,,,
,2783,0.36360976099967957,0.9192308187484741,0.36360976099967957,173,,,
,2783,,,,173,0.08745963871479034,0.96826171875,0.08745963871479034
0.00032606726344911553,2784,,,,,,,
,2799,0.1483728438615799,0.9723077416419983,0.1483728438615799,174,,,
,2799,,,,174,0.07687564194202423,0.97802734375,0.07687564194202423
0.0003173322184988512,2800,,,,,,,
,2815,0.12193704396486282,0.9692308306694031,0.12193704396486282,175,,,
,2815,,,,175,0.06193432956933975,0.9775390625,0.06193432956933975
0.00030866104918431987,2816,,,,,,,
,2831,0.09713444113731384,0.978461503982544,0.09713444113731384,176,,,
,2831,,,,176,0.07353241741657257,0.97216796875,0.07353241741657257
0.0003000567876241782,2832,,,,,,,
,2847,0.10576841235160828,0.9692307114601135,0.10576841235160828,177,,,
,2847,,,,177,0.06297307461500168,0.9794921875,0.06297307461500168
0.00029152244254090166,2848,,,,,,,
,2863,0.1347733438014984,0.9599999785423279,0.1347733438014984,178,,,
,2863,,,,178,0.08034782856702805,0.970703125,0.08034782856702805
0.0002830609982086992,2864,,,,,,,
,2879,0.11723470687866211,0.9630769491195679,0.11723470687866211,179,,,
,2879,,,,179,0.06095939874649048,0.97802734375,0.06095939874649048
0.0002746754134099789,2880,,,,,,,
,2895,0.10332489013671875,0.9723077416419983,0.10332489013671875,180,,,
,2895,,,,180,0.07127001881599426,0.9736328125,0.07127001881599426
0.00026636862040072554,2896,,,,,,,
,2911,0.10507024824619293,0.9692308306694031,0.10507024824619293,181,,,
,2911,,,,181,0.09962864220142365,0.96630859375,0.09962864220142365
0.0002581435238851543,2912,,,,,,,
,2927,0.1012611836194992,0.9661538004875183,0.1012611836194992,182,,,
,2927,,,,182,0.08060906827449799,0.9765625,0.08060906827449799
0.0002500030000000001,2928,,,,,,,
,2943,0.08618083596229553,0.9692308306694031,0.08618083596229553,183,,,
,2943,,,,183,0.06775861233472824,0.97998046875,0.06775861233472824
0.00024194989530879424,2944,,,,,,,
,2959,0.08805105835199356,0.9692308306694031,0.08805105835199356,184,,,
,2959,,,,184,0.06410052627325058,0.9765625,0.06410052627325058
0.0002339870258064848,2960,,,,,,,
,2975,0.12062599509954453,0.9723077416419983,0.12062599509954453,185,,,
,2975,,,,185,0.06997595727443695,0.9755859375,0.06997595727443695
0.00022611717593474284,2976,,,,,,,
,2991,0.11710865795612335,0.9692308306694031,0.11710865795612335,186,,,
,2991,,,,186,0.06357289850711823,0.97998046875,0.06357289850711823
0.00021834309760830508,2992,,,,,,,
,3007,0.09648364782333374,0.9753845930099487,0.09648364782333374,187,,,
,3007,,,,187,0.059203337877988815,0.978515625,0.059203337877988815
0.0002106675092526895,3008,,,,,,,
,3023,0.1139158234000206,0.9723077416419983,0.1139158234000206,188,,,
,3023,,,,188,0.05484660714864731,0.97900390625,0.05484660714864731
0.0002030930948536204,3024,,,,,,,
,3039,0.10906726121902466,0.9723077416419983,0.10906726121902466,189,,,
,3039,,,,189,0.05089680477976799,0.98388671875,0.05089680477976799
0.00019562250301849768,3040,,,,,,,
,3055,0.080780528485775,0.978461503982544,0.080780528485775,190,,,
,3055,,,,190,0.07084514200687408,0.97412109375,0.07084514200687408
0.00018825834605023698,3056,,,,,,,
,3071,0.10397837311029434,0.9723076820373535,0.10397837311029434,191,,,
,3071,,,,191,0.04462658613920212,0.9853515625,0.04462658613920212
0.00018100319903380363,3072,,,,,,,
,3087,0.12264112383127213,0.9723076820373535,0.12264112383127213,192,,,
,3087,,,,192,0.05865447595715523,0.982421875,0.05865447595715523
0.00017385959893576213,3088,,,,,,,
,3103,0.11163200438022614,0.9692307114601135,0.11163200438022614,193,,,
,3103,,,,193,0.04934818297624588,0.97900390625,0.04934818297624588
0.00016683004371715395,3104,,,,,,,
,3119,0.12411389499902725,0.9723076820373535,0.12411389499902725,194,,,
,3119,,,,194,0.06982047855854034,0.97607421875,0.06982047855854034
0.00015991699146001575,3120,,,,,,,
,3135,0.1230895072221756,0.9692307114601135,0.1230895072221756,195,,,
,3135,,,,195,0.04985827952623367,0.98388671875,0.04985827952623367
0.00015312285950784123,3136,,,,,,,
,3151,0.1083737313747406,0.9723076820373535,0.1083737313747406,196,,,
,3151,,,,196,0.05923978611826897,0.9814453125,0.05923978611826897
0.00014645002362028865,3152,,,,,,,
,3167,0.10578770935535431,0.9692307114601135,0.10578770935535431,197,,,
,3167,,,,197,0.049602288752794266,0.98388671875,0.049602288752794266
0.00013990081714242988,3168,,,,,,,
,3183,0.10674163699150085,0.9692307114601135,0.10674163699150085,198,,,
,3183,,,,198,0.04804053157567978,0.982421875,0.04804053157567978
0.0001334775301888306,3184,,,,,,,
,3199,0.11086827516555786,0.9692308306694031,0.11086827516555786,199,,,
,3199,,,,199,0.05179295688867569,0.9833984375,0.05179295688867569
0.00012718240884274697,3200,,,,,,,
,3215,0.11190357059240341,0.9692307114601135,0.11190357059240341,200,,,
,3215,,,,200,0.04807306453585625,0.98486328125,0.04807306453585625
0.00012101765437071972,3216,,,,,,,
,3231,0.11005007475614548,0.9723076820373535,0.11005007475614548,201,,,
,3231,,,,201,0.0655769631266594,0.9775390625,0.0655769631266594
0.00011498542245283908,3232,,,,,,,
,3247,0.09647911041975021,0.9753845930099487,0.09647911041975021,202,,,
,3247,,,,202,0.056253671646118164,0.97900390625,0.056253671646118164
0.00010908782242895002,3248,,,,,,,
,3263,0.09720657020807266,0.9692307114601135,0.09720657020807266,203,,,
,3263,,,,203,0.060841552913188934,0.97998046875,0.060841552913188934
0.00010332691656106304,3264,,,,,,,
,3279,0.09627852588891983,0.9753845930099487,0.09627852588891983,204,,,
,3279,,,,204,0.06075163930654526,0.978515625,0.06075163930654526
9.770471931222534e-05,3280,,,,,,,
,3295,0.09545405209064484,0.9815384745597839,0.09545405209064484,205,,,
,3295,,,,205,0.04363177716732025,0.98681640625,0.04363177716732025
9.222319664210783e-05,3296,,,,,,,
,3311,0.09432414174079895,0.9815384745597839,0.09432414174079895,206,,,
,3311,,,,206,0.051643382757902145,0.98291015625,0.051643382757902145
8.688426531955129e-05,3312,,,,,,,
,3327,0.09132014960050583,0.978461503982544,0.09132014960050583,207,,,
,3327,,,,207,0.038221023976802826,0.98779296875,0.038221023976802826
8.168979225231412e-05,3328,,,,,,,
,3343,0.0806267186999321,0.9815384745597839,0.0806267186999321,208,,,
,3343,,,,208,0.04829375073313713,0.982421875,0.04829375073313713
7.664159383425639e-05,3344,,,,,,,
,3359,0.08169866353273392,0.978461503982544,0.08169866353273392,209,,,
,3359,,,,209,0.052772313356399536,0.986328125,0.052772313356399536
7.174143531018528e-05,3360,,,,,,,
,3375,0.07882525771856308,0.9723076820373535,0.07882525771856308,210,,,
,3375,,,,210,0.06290505081415176,0.97900390625,0.06290505081415176
6.69910301585882e-05,3376,,,,,,,
,3391,0.08494682610034943,0.9692307114601135,0.08494682610034943,211,,,
,3391,,,,211,0.0489920936524868,0.9873046875,0.0489920936524868
6.239203949246696e-05,3392,,,,,,,
,3407,0.08406887948513031,0.9846153855323792,0.08406887948513031,212,,,
,3407,,,,212,0.05584625154733658,0.98193359375,0.05584625154733658
5.794607147848218e-05,3408,,,,,,,
,3423,0.08530116081237793,0.9846153855323792,0.08530116081237793,213,,,
,3423,,,,213,0.04141613095998764,0.98583984375,0.04141613095998764
5.365468077461283e-05,3424,,,,,,,
,3439,0.07877929508686066,0.9815384745597839,0.07877929508686066,214,,,
,3439,,,,214,0.04264093190431595,0.986328125,0.04264093190431595
4.9519367986526286e-05,3440,,,,,,,
,3455,0.07545661181211472,0.978461503982544,0.07545661181211472,215,,,
,3455,,,,215,0.04197288304567337,0.9853515625,0.04197288304567337
4.5541579142849356e-05,3456,,,,,,,
,3471,0.07308489829301834,0.9815384745597839,0.07308489829301834,216,,,
,3471,,,,216,0.060841966420412064,0.9794921875,0.060841966420412064
4.172270518952364e-05,3472,,,,,,,
,3487,0.07475993782281876,0.9815384745597839,0.07475993782281876,217,,,
,3487,,,,217,0.0416826456785202,0.98876953125,0.0416826456785202
3.8064081503421654e-05,3488,,,,,,,
,3503,0.07750164717435837,0.9815384745597839,0.07750164717435837,218,,,
,3503,,,,218,0.048135168850421906,0.98486328125,0.048135168850421906
3.456698742539522e-05,3504,,,,,,,
,3519,0.07672038674354553,0.9815384745597839,0.07672038674354553,219,,,
,3519,,,,219,0.04058396443724632,0.98681640625,0.04058396443724632
3.123264581291754e-05,3520,,,,,,,
,3535,0.07888627797365189,0.9815384745597839,0.07888627797365189,220,,,
,3535,,,,220,0.04004714637994766,0.9833984375,0.04004714637994766
2.8062222612476826e-05,3536,,,,,,,
,3551,0.08415146172046661,0.9815384745597839,0.08415146172046661,221,,,
,3551,,,,221,0.049914173781871796,0.98193359375,0.049914173781871796
2.5056826451870344e-05,3552,,,,,,,
,3567,0.08658932894468307,0.9815384745597839,0.08658932894468307,222,,,
,3567,,,,222,0.05426163598895073,0.9814453125,0.05426163598895073
2.2217508252541176e-05,3568,,,,,,,
,3583,0.08568108826875687,0.978461503982544,0.08568108826875687,223,,,
,3583,,,,223,0.04087197035551071,0.9853515625,0.04087197035551071
1.9545260862094143e-05,3584,,,,,,,
,3599,0.08580323308706284,0.9815384745597839,0.08580323308706284,224,,,
,3599,,,,224,0.03839763253927231,0.9873046875,0.03839763253927231
1.7041018707118474e-05,3600,,,,,,,
,3615,0.08607543259859085,0.978461503982544,0.08607543259859085,225,,,
,3615,,,,225,0.049335189163684845,0.98193359375,0.049335189163684845
1.4705657466439427e-05,3616,,,,,,,
,3631,0.08608201146125793,0.978461503982544,0.08608201146125793,226,,,
,3631,,,,226,0.050533175468444824,0.98291015625,0.050533175468444824
1.2539993764912554e-05,3632,,,,,,,
,3647,0.08592727780342102,0.978461503982544,0.08592727780342102,227,,,
,3647,,,,227,0.051854055374860764,0.9814453125,0.051854055374860764
1.0544784887867612e-05,3648,,,,,,,
,3663,0.08555133640766144,0.9815384745597839,0.08555133640766144,228,,,
,3663,,,,228,0.06280364096164703,0.9775390625,0.06280364096164703
8.72072851630233e-06,3664,,,,,,,
,3679,0.0850909873843193,0.9815384745597839,0.0850909873843193,229,,,
,3679,,,,229,0.04747816175222397,0.98486328125,0.04747816175222397
7.068462482919093e-06,3680,,,,,,,
,3695,0.08451076596975327,0.9815384745597839,0.08451076596975327,230,,,
,3695,,,,230,0.037393055856227875,0.9853515625,0.037393055856227875
5.588564549088189e-06,3696,,,,,,,
,3711,0.08458247780799866,0.9815384745597839,0.08458247780799866,231,,,
,3711,,,,231,0.056588638573884964,0.97998046875,0.056588638573884964
4.281552202817557e-06,3712,,,,,,,
,3727,0.08526904881000519,0.9815384745597839,0.08526904881000519,232,,,
,3727,,,,232,0.05148248001933098,0.9833984375,0.05148248001933098
3.1478824777984842e-06,3728,,,,,,,
,3743,0.08539291471242905,0.9815384745597839,0.08539291471242905,233,,,
,3743,,,,233,0.053826380521059036,0.98388671875,0.053826380521059036
2.1879517935909753e-06,3744,,,,,,,
,3759,0.08547332882881165,0.9815384745597839,0.08547332882881165,234,,,
,3759,,,,234,0.043128252029418945,0.98681640625,0.043128252029418945
1.4020958170042977e-06,3760,,,,,,,
,3775,0.08544313162565231,0.9815384745597839,0.08544313162565231,235,,,
,3775,,,,235,0.04290878027677536,0.9873046875,0.04290878027677536
7.905893447217333e-07,3776,,,,,,,
,3791,0.08541495352983475,0.9815384745597839,0.08541495352983475,236,,,
,3791,,,,236,0.041221752762794495,0.9833984375,0.041221752762794495
3.5364620721027265e-07,3792,,,,,,,
,3807,0.08539213985204697,0.9815384745597839,0.08539213985204697,237,,,
,3807,,,,237,0.05019976943731308,0.98291015625,0.05019976943731308
9.14191939486132e-08,3808,,,,,,,
,3823,0.08537736535072327,0.9815384745597839,0.08537736535072327,238,,,
,3823,,,,238,0.035889096558094025,0.9853515625,0.035889096558094025
