dataset,config,expected_bytes,actual_bytes,match,pt_file_bytes,container_overhead_bytes,fp32_ckpt_bytes,pct_of_fp32,weights_int8_bytes,weight_scales_bytes,biases_bytes,pos_encoding_bytes,fx_params_bytes,act_scales_bytes,other_bytes,total_bytes
ASL_DVS,base,847460,847460,True,900598,53068,2174432,38.97385616105723,446976,13792,16864,307200,62464,164,70,847530
ASL_DVS,int32_bias,847460,847460,True,901520,53990,2174432,38.97385616105723,446976,13792,16864,307200,62464,164,70,847530
ASL_DVS,int8_pos_enc,617064,617064,True,671669,54535,2174432,28.378169563361833,446976,13792,16864,76804,62464,164,70,617134
ASL_DVS,fx16_scales,840545,840545,True,894623,54008,2174432,38.65584207737929,446976,6918,16864,307200,62464,123,70,840615
ASL_DVS,fx_nonlinear,816255,816255,True,871278,54953,2174432,37.53876874512516,446976,13792,16864,307200,31259,164,70,816325
ASL_DVS,fx_nonlinear_lndyn,816255,816255,True,872200,55875,2174432,37.53876874512516,446976,13792,16864,307200,31259,164,70,816325
ASL_DVS,fx_nonlinear_ln32,816255,816255,True,872825,56496,2174432,37.53876874512516,446976,13792,16864,307200,31259,164,74,816329
ASL_DVS,fx_nonlinear_lnstepq,816255,816255,True,874790,58461,2174432,37.53876874512516,446976,13792,16864,307200,31259,164,74,816329
ASL_DVS,all,578943,578943,True,631909,52896,2174432,26.62502207473032,446976,6918,16864,76803,31259,123,70,579013
ASL_DVS,all_lndyn,578943,578943,True,633349,54336,2174432,26.62502207473032,446976,6918,16864,76803,31259,123,70,579013
ASL_DVS,all_lnstepq,578943,578943,True,635941,56924,2174432,26.62502207473032,446976,6918,16864,76803,31259,123,74,579017
ASL_DVS,all_ln32,578943,578943,True,634037,55020,2174432,26.62502207473032,446976,6918,16864,76803,31259,123,74,579017
ASL_DVS,all_ln32_splitpos,578946,578946,True,635665,56645,2174432,26.62516004179482,446976,6918,16864,76803,31259,126,74,579020
ASL_DVS,all_ln32_ctr16,578943,578943,True,638677,59647,2174432,26.62502207473032,446976,6918,16864,76803,31259,123,87,579030
ASL_DVS,all_ln32_ctr32,578943,578943,True,638677,59647,2174432,26.62502207473032,446976,6918,16864,76803,31259,123,87,579030
ASL_DVS,all_ln24,578946,578946,True,638136,59103,2174432,26.62516004179482,446976,6918,16864,76803,31259,126,87,579033
ASL_DVS,all_ln24_guard2,578946,578946,True,639151,60118,2174432,26.62516004179482,446976,6918,16864,76803,31259,126,87,579033
ASL_DVS,all_ln18_guard2,578946,578946,True,639791,60758,2174432,26.62516004179482,446976,6918,16864,76803,31259,126,87,579033
ASL_DVS,all_ln20_guard2,578946,578946,True,639791,60758,2174432,26.62516004179482,446976,6918,16864,76803,31259,126,87,579033
ASL_DVS,all_ln22_guard2,578946,578946,True,639791,60758,2174432,26.62516004179482,446976,6918,16864,76803,31259,126,87,579033
ASL_DVS,deploy_nosplit,578943,578943,True,639317,60287,2174432,26.62502207473032,446976,6918,16864,76803,31259,123,87,579030
ASL_DVS,deploy_gelu_q411,578943,578943,True,639605,60575,2174432,26.62502207473032,446976,6918,16864,76803,31259,123,87,579030
DVS128_10,base,651252,651252,True,704693,53371,1972944,33.00914775077245,445184,13736,16808,112896,62464,164,70,651322
DVS128_10,int32_bias,651252,651252,True,705557,54235,1972944,33.00914775077245,445184,13736,16808,112896,62464,164,70,651322
DVS128_10,int8_pos_enc,566584,566584,True,621436,54782,1972944,28.71769295023072,445184,13736,16808,28228,62464,164,70,566654
DVS128_10,fx16_scales,644365,644365,True,698725,54290,1972944,32.66007550138271,445184,6890,16808,112896,62464,123,70,644435
DVS128_10,fx_nonlinear,620047,620047,True,675317,55200,1972944,31.42750123673049,445184,13736,16808,112896,31259,164,70,620117
DVS128_10,fx_nonlinear_lndyn,620047,620047,True,676309,56192,1972944,31.42750123673049,445184,13736,16808,112896,31259,164,70,620117
DVS128_10,fx_nonlinear_ln32,620047,620047,True,676869,56748,1972944,31.42750123673049,445184,13736,16808,112896,31259,164,74,620121
DVS128_10,fx_nonlinear_lnstepq,620047,620047,True,688501,68380,1972944,31.42750123673049,445184,13736,16808,112896,31259,164,74,620121
DVS128_10,all,528491,528491,True,581795,53234,1972944,26.786923501123194,445184,6890,16808,28227,31259,123,70,528561
DVS128_10,all_lndyn,528491,528491,True,583241,54680,1972944,26.786923501123194,445184,6890,16808,28227,31259,123,70,528561
DVS128_10,all_lnstepq,528491,528491,True,595435,66870,1972944,26.786923501123194,445184,6890,16808,28227,31259,123,74,528565
DVS128_10,all_ln32,528491,528491,True,583928,55363,1972944,26.786923501123194,445184,6890,16808,28227,31259,123,74,528565
DVS128_10,all_ln32_splitpos,528494,528494,True,585565,56997,1972944,26.787075558150665,445184,6890,16808,28227,31259,126,74,528568
DVS128_10,all_ln32_ctr16,528491,528491,True,600222,71644,1972944,26.786923501123194,445184,6890,16808,28227,31259,123,87,528578
DVS128_10,all_ln32_ctr32,528491,528491,True,600222,71644,1972944,26.786923501123194,445184,6890,16808,28227,31259,123,87,528578
DVS128_10,all_ln24,528494,528494,True,599675,71094,1972944,26.787075558150665,445184,6890,16808,28227,31259,126,87,528581
DVS128_10,all_ln24_guard2,528494,528494,True,600761,72180,1972944,26.787075558150665,445184,6890,16808,28227,31259,126,87,528581
DVS128_10,all_ln18_guard2,528494,528494,True,601401,72820,1972944,26.787075558150665,445184,6890,16808,28227,31259,126,87,528581
DVS128_10,all_ln20_guard2,528494,528494,True,601401,72820,1972944,26.787075558150665,445184,6890,16808,28227,31259,126,87,528581
DVS128_10,all_ln22_guard2,528494,528494,True,601401,72820,1972944,26.787075558150665,445184,6890,16808,28227,31259,126,87,528581
DVS128_10,deploy_nosplit,528491,528491,True,600926,72348,1972944,26.786923501123194,445184,6890,16808,28227,31259,123,87,528578
DVS128_10,deploy_gelu_q411,528491,528491,True,601216,72638,1972944,26.786923501123194,445184,6890,16808,28227,31259,123,87,528578
DVS128_11,base,651388,651388,True,704821,53363,1973464,33.007341405771776,445312,13740,16812,112896,62464,164,70,651458
DVS128_11,int32_bias,651388,651388,True,705685,54227,1973464,33.007341405771776,445312,13740,16812,112896,62464,164,70,651458
DVS128_11,int8_pos_enc,566720,566720,True,621564,54774,1973464,28.717017386686557,445312,13740,16812,28228,62464,164,70,566790
DVS128_11,fx16_scales,644499,644499,True,698853,54284,1973464,32.65825979090574,445312,6892,16812,112896,62464,123,70,644569
DVS128_11,fx_nonlinear,620183,620183,True,675445,55192,1973464,31.426111649363758,445312,13740,16812,112896,31259,164,70,620253
DVS128_11,fx_nonlinear_lndyn,620183,620183,True,676437,56184,1973464,31.426111649363758,445312,13740,16812,112896,31259,164,70,620253
DVS128_11,fx_nonlinear_ln32,620183,620183,True,677061,56804,1973464,31.426111649363758,445312,13740,16812,112896,31259,164,74,620257
DVS128_11,fx_nonlinear_lnstepq,620183,620183,True,688629,68372,1973464,31.426111649363758,445312,13740,16812,112896,31259,164,74,620257
DVS128_11,all,528625,528625,True,581923,53228,1973464,26.786655343092146,445312,6892,16812,28227,31259,123,70,528695
DVS128_11,all_lndyn,528625,528625,True,583369,54674,1973464,26.786655343092146,445312,6892,16812,28227,31259,123,70,528695
DVS128_11,all_lnstepq,528625,528625,True,595563,66864,1973464,26.786655343092146,445312,6892,16812,28227,31259,123,74,528699
DVS128_11,all_ln32,528625,528625,True,584056,55357,1973464,26.786655343092146,445312,6892,16812,28227,31259,123,74,528699
DVS128_11,all_ln32_splitpos,528628,528628,True,585693,56991,1973464,26.78680736005318,445312,6892,16812,28227,31259,126,74,528702
DVS128_11,all_ln32_ctr16,528625,528625,True,600350,71638,1973464,26.786655343092146,445312,6892,16812,28227,31259,123,87,528712
DVS128_11,all_ln32_ctr32,528625,528625,True,600350,71638,1973464,26.786655343092146,445312,6892,16812,28227,31259,123,87,528712
DVS128_11,all_ln24,528628,528628,True,599867,71152,1973464,26.78680736005318,445312,6892,16812,28227,31259,126,87,528715
DVS128_11,all_ln24_guard2,528628,528628,True,600889,72174,1973464,26.78680736005318,445312,6892,16812,28227,31259,126,87,528715
DVS128_11,all_ln18_guard2,528628,528628,True,601529,72814,1973464,26.78680736005318,445312,6892,16812,28227,31259,126,87,528715
DVS128_11,all_ln20_guard2,528628,528628,True,601529,72814,1973464,26.78680736005318,445312,6892,16812,28227,31259,126,87,528715
DVS128_11,all_ln22_guard2,528628,528628,True,601529,72814,1973464,26.78680736005318,445312,6892,16812,28227,31259,126,87,528715
DVS128_11,deploy_nosplit,528625,528625,True,601054,72342,1973464,26.786655343092146,445312,6892,16812,28227,31259,123,87,528712
DVS128_11,deploy_gelu_q411,528625,528625,True,601344,72632,1973464,26.786655343092146,445312,6892,16812,28227,31259,123,87,528712
