name,numel,max_abs,min_abs_nonzero,dynamic_range,frac_bits,q_format,step,rel_err_max,rel_err_mean,group,dataset
backbone.event_projection.seq_init.0,96,0.0031935726292431355,0.0008601880399510264,3.712644771746602,23.0,Q-8.23,1.1920928955078125e-07,5.483584027388133e-05,2.080317062791437e-05,"weight_scale (per-channel, per-layer exponent)",DVS128_10
backbone.preproc_block_events.seq_init.0,128,0.0032650583889335394,0.000960610166657716,3.398942153916369,23.0,Q-8.23,1.1920928955078125e-07,5.2725492423633114e-05,1.872144093795214e-05,"weight_scale (per-channel, per-layer exponent)",DVS128_10
backbone.proc_event_blocks.0.seq_init.1,128,0.002075762953609228,0.0009523352491669357,2.1796556994241487,23.0,Q-8.23,1.1920928955078125e-07,5.914018038311042e-05,2.6138626708416268e-05,"weight_scale (per-channel, per-layer exponent)",DVS128_10
backbone.proc_event_blocks.0.seq_init.4,128,0.0021556089632213116,0.0007959998329170048,2.708052029762256,23.0,Q-8.23,1.1920928955078125e-07,6.375610246323049e-05,2.6122650524484925e-05,"weight_scale (per-channel, per-layer exponent)",DVS128_10
backbone.proc_memory_blocks.0.cross_attention.attention.in_proj,384,0.0023533974308520555,0.0010039558401331306,2.344124449278547,23.0,Q-8.23,1.1920928955078125e-07,4.944375905324705e-05,2.078186116705183e-05,"weight_scale (per-channel, per-layer exponent)",DVS128_10
backbone.proc_memory_blocks.0.cross_attention.attention.out_proj,128,0.0022150396835058928,0.0009873476810753345,2.243424201992819,23.0,Q-8.23,1.1920928955078125e-07,5.706704541807994e-05,2.361716906307265e-05,"weight_scale (per-channel, per-layer exponent)",DVS128_10
backbone.proc_memory_blocks.0.cross_attention.linear1,128,0.001484610023908317,0.0008304159273393452,1.7877908828952878,24.0,Q-9.24,5.960464477539063e-08,3.243812534492463e-05,1.3280151506478433e-05,"weight_scale (per-channel, per-layer exponent)",DVS128_10
backbone.proc_memory_blocks.0.cross_attention.linear2,128,0.0017941080732271075,0.0008436833159066737,2.1265183741355003,24.0,Q-9.24,5.960464477539063e-08,3.159442712785676e-05,1.5674093447159976e-05,"weight_scale (per-channel, per-layer exponent)",DVS128_10
backbone.proc_memory_blocks.0.cross_attention.linear3,128,0.0019918817561119795,0.0007390085957013071,2.695343149861087,23.0,Q-8.23,1.1920928955078125e-07,6.278030923567712e-05,2.7996213248115964e-05,"weight_scale (per-channel, per-layer exponent)",DVS128_10
backbone.proc_memory_blocks.0.latent_attentions.0.attention.in_proj,384,0.002417480805888772,0.000892297422979027,2.7092769110749675,23.0,Q-8.23,1.1920928955078125e-07,6.434387614717707e-05,2.1757265130872838e-05,"weight_scale (per-channel, per-layer exponent)",DVS128_10
backbone.proc_memory_blocks.0.latent_attentions.0.attention.out_proj,128,0.0013626335421577096,0.0007703195442445576,1.7689198623332694,24.0,Q-9.24,5.960464477539063e-08,3.196195757482201e-05,1.648286524869036e-05,"weight_scale (per-channel, per-layer exponent)",DVS128_10
backbone.proc_memory_blocks.0.latent_attentions.0.linear1,128,0.0016459486214444041,0.0008707214146852493,1.8903274844105975,24.0,Q-9.24,5.960464477539063e-08,2.9424691092572175e-05,1.293927380174864e-05,"weight_scale (per-channel, per-layer exponent)",DVS128_10
backbone.proc_memory_blocks.0.latent_attentions.0.linear2,128,0.002013396704569459,0.0007879338809289038,2.555286367678267,23.0,Q-8.23,1.1920928955078125e-07,5.7267625379608944e-05,2.6490706659387797e-05,"weight_scale (per-channel, per-layer exponent)",DVS128_10
backbone.proc_memory_blocks.0.latent_attentions.0.linear3,128,0.001817534677684307,0.0008188947103917599,2.219497396453809,24.0,Q-9.24,5.960464477539063e-08,2.9439530408126302e-05,1.2630589480977505e-05,"weight_scale (per-channel, per-layer exponent)",DVS128_10
backbone.proc_memory_blocks.0.latent_attentions.1.attention.in_proj,384,0.0021094665862619877,0.0008729560649953783,2.416463635284046,23.0,Q-8.23,1.1920928955078125e-07,6.0464608395705e-05,2.244798088213429e-05,"weight_scale (per-channel, per-layer exponent)",DVS128_10
backbone.proc_memory_blocks.0.latent_attentions.1.attention.out_proj,128,0.0014467324363067746,0.0007583473925478756,1.9077436680385766,24.0,Q-9.24,5.960464477539063e-08,3.3513417292851955e-05,1.6274014342343435e-05,"weight_scale (per-channel, per-layer exponent)",DVS128_10
backbone.proc_memory_blocks.0.latent_attentions.1.linear1,128,0.0017461096867918968,0.0009160516783595085,1.90612574382144,24.0,Q-9.24,5.960464477539063e-08,3.117596861557104e-05,1.2529881132650189e-05,"weight_scale (per-channel, per-layer exponent)",DVS128_10
backbone.proc_memory_blocks.0.latent_attentions.1.linear2,128,0.0016586710698902607,0.0008428731234744191,1.9678775176185823,24.0,Q-9.24,5.960464477539063e-08,3.030319385288749e-05,1.2323554983595386e-05,"weight_scale (per-channel, per-layer exponent)",DVS128_10
backbone.proc_memory_blocks.0.latent_attentions.1.linear3,128,0.0021013543009757996,0.0008608165662735701,2.441117403295864,23.0,Q-8.23,1.1920928955078125e-07,5.5145494116004556e-05,2.5249219106626697e-05,"weight_scale (per-channel, per-layer exponent)",DVS128_10
backbone.proc_embs_block.linear1,128,0.0026222316082566977,0.0011156739201396704,2.3503566417761403,23.0,Q-8.23,1.1920928955078125e-07,4.134028858970851e-05,2.0096325897611678e-05,"weight_scale (per-channel, per-layer exponent)",DVS128_10
models_clf.0.linear_1,128,0.002116122515872121,0.0007924443343654275,2.6703737084153256,23.0,Q-8.23,1.1920928955078125e-07,7.44816570659168e-05,2.1307461793185212e-05,"weight_scale (per-channel, per-layer exponent)",DVS128_10
models_clf.0.linear_2,10,0.0023750208783894777,0.0013728890335187316,1.7299438049281155,23.0,Q-8.23,1.1920928955078125e-07,3.257960270275362e-05,1.9343020539963618e-05,"weight_scale (per-channel, per-layer exponent)",DVS128_10
all nn.Linear inputs,16,0.1152443140745163,0.022047776728868484,5.227026538400127,18.0,Q-3.18,3.814697265625e-06,5.3223800932755694e-05,2.2467216695076786e-05,activation_scale (per-tensor),DVS128_10
attention Q/K/V/out_proj,21,0.06464280188083649,0.031153885647654533,2.0749515040254125,18.0,Q-3.18,3.814697265625e-06,3.829983688774519e-05,2.0887544451397844e-05,activation_scale (per-tensor),DVS128_10
backbone.pos_encoding,28224,1.2792649269104004,3.387517062947154e-05,37764.08984375,,INT8,0.010072952180396853,1.0,0.016349876299500465,positional encoding (-> INT8),DVS128_10
backbone.memory_vertical,12288,0.7403734922409058,4.081721272086725e-06,181387.56737360457,15.0,Q0.15,3.0517578125e-05,1.0,0.0005923349526710808,latent memory table (-> Q16),DVS128_10
all LayerNorm weight/bias,3328,1.255798578262329,2.519018016755581e-05,49852.70331173573,14.0,Q1.14,6.103515625e-05,1.0,0.0017836083425208926,LayerNorm affine (-> Q16),DVS128_10
backbone.event_projection.seq_init.1.in,0,14.013679504394531,10.832275390625,1.293696753363835,11.0,Q4.11,0.00048828125,,,fx16 requant (non-linear I/O),DVS128_10
backbone.event_projection.seq_init.1.out,0,10.161785125732422,7.930901527404785,1.2812900387955826,11.0,Q4.11,0.00048828125,,,fx16 requant (non-linear I/O),DVS128_10
backbone.preproc_block_events.seq_init.0.in_a,0,10.161785125732422,7.930901527404785,1.2812900387955826,,INT8,0.08001405610812931,,,int8 requant (ReLU input),DVS128_10
backbone.preproc_block_events.seq_init.0.in_b,0,1.2792649269104004,1.2615207433700562,1.0140657088942842,,INT8,0.010072952180396853,,,int8 requant (ReLU input),DVS128_10
backbone.preproc_block_events.seq_init.1.in,0,11.2455472946167,8.779632568359375,1.2808676453208476,11.0,Q4.11,0.00048828125,,,fx16 requant (non-linear I/O),DVS128_10
backbone.preproc_block_events.seq_init.1.out,0,5.0295515060424805,3.933379888534546,1.278684400838876,12.0,Q3.12,0.000244140625,,,fx16 requant (non-linear I/O),DVS128_10
backbone.proc_embs_block.layer_norm.centered,0,227800.109375,578.3526000976562,393.8775572834555,-3.0,Q18.-3,8.0,,,fx16 requant (non-linear I/O),DVS128_10
backbone.proc_embs_block.layer_norm.hat,0,4.797839164733887,4.06074857711792,1.1815159381620988,12.0,Q3.12,0.000244140625,,,fx16 requant (non-linear I/O),DVS128_10
backbone.proc_embs_block.layer_norm.in,0,242599.640625,594.6812744140625,407.94901582201766,-3.0,Q18.-3,8.0,,,fx16 requant (non-linear I/O),DVS128_10
backbone.proc_embs_block.layer_norm.out,0,4.987100601196289,4.298981189727783,1.1600656948936496,12.0,Q3.12,0.000244140625,,,fx16 requant (non-linear I/O),DVS128_10
backbone.proc_embs_block.relu.in,0,8.374849319458008,6.670198917388916,1.2555621538699757,,INT8,0.06594369542880321,,,int8 requant (ReLU input),DVS128_10
backbone.proc_event_blocks.0.seq_init.2.in,0,3.974297046661377,2.3890154361724854,1.6635711040145977,,INT8,0.031293677532766746,,,int8 requant (ReLU input),DVS128_10
backbone.proc_event_blocks.0.seq_init.5.in,0,2.7012126445770264,1.895989179611206,1.4246983440754342,,INT8,0.02126939090218131,,,int8 requant (ReLU input),DVS128_10
backbone.proc_memory_blocks.0.cross_attention.gelu1.in,0,6.320245742797852,4.016092300415039,1.5737302009081544,12.0,Q3.12,0.000244140625,,,fx16 requant (non-linear I/O),DVS128_10
backbone.proc_memory_blocks.0.cross_attention.gelu1.out,0,6.320245742797852,2.8564600944519043,2.212614751759932,12.0,Q3.12,0.000244140625,,,fx16 requant (non-linear I/O),DVS128_10
backbone.proc_memory_blocks.0.cross_attention.gelu2.in,0,4.636127471923828,3.749406099319458,1.2364964874744606,12.0,Q3.12,0.000244140625,,,fx16 requant (non-linear I/O),DVS128_10
backbone.proc_memory_blocks.0.cross_attention.gelu2.out,0,4.580852508544922,2.756899118423462,1.6615959858424167,12.0,Q3.12,0.000244140625,,,fx16 requant (non-linear I/O),DVS128_10
backbone.proc_memory_blocks.0.cross_attention.layer_norm_1.centered,0,45561.94140625,0.695206344127655,65537.29233213648,-1.0,Q16.-1,2.0,,,fx16 requant (non-linear I/O),DVS128_10
backbone.proc_memory_blocks.0.cross_attention.layer_norm_1.hat,0,5.091462135314941,3.57047438621521,1.42599038239062,12.0,Q3.12,0.000244140625,,,fx16 requant (non-linear I/O),DVS128_10
backbone.proc_memory_blocks.0.cross_attention.layer_norm_1.in,0,48521.87109375,0.7403734922409058,65537.01827828509,-1.0,Q16.-1,2.0,,,fx16 requant (non-linear I/O),DVS128_10
backbone.proc_memory_blocks.0.cross_attention.layer_norm_1.out,0,5.401927947998047,3.6219000816345215,1.4914624440882476,12.0,Q3.12,0.000244140625,,,fx16 requant (non-linear I/O),DVS128_10
backbone.proc_memory_blocks.0.cross_attention.layer_norm_2.centered,0,6.089191913604736,2.6225509643554688,2.3218583723886743,12.0,Q3.12,0.000244140625,,,fx16 requant (non-linear I/O),DVS128_10
backbone.proc_memory_blocks.0.cross_attention.layer_norm_2.hat,0,8.365729331970215,5.900266647338867,1.4178561465087884,11.0,Q4.11,0.00048828125,,,fx16 requant (non-linear I/O),DVS128_10
backbone.proc_memory_blocks.0.cross_attention.layer_norm_2.in,0,6.320245742797852,2.8564600944519043,2.212614751759932,12.0,Q3.12,0.000244140625,,,fx16 requant (non-linear I/O),DVS128_10
backbone.proc_memory_blocks.0.cross_attention.layer_norm_2.out,0,8.873265266418457,6.086005687713623,1.4579784708929422,11.0,Q4.11,0.00048828125,,,fx16 requant (non-linear I/O),DVS128_10
backbone.proc_memory_blocks.0.cross_attention.layer_norm_att.centered,0,45563.60546875,8.21824836730957,5544.1991325052,-1.0,Q16.-1,2.0,,,fx16 requant (non-linear I/O),DVS128_10
backbone.proc_memory_blocks.0.cross_attention.layer_norm_att.hat,0,5.369602203369141,3.815343141555786,1.4073707145458934,12.0,Q3.12,0.000244140625,,,fx16 requant (non-linear I/O),DVS128_10
backbone.proc_memory_blocks.0.cross_attention.layer_norm_att.in,0,48523.59375,8.167448043823242,5941.096103659541,-1.0,Q16.-1,2.0,,,fx16 requant (non-linear I/O),DVS128_10
backbone.proc_memory_blocks.0.cross_attention.layer_norm_att.out,0,5.339938640594482,3.7405288219451904,1.4275892246213329,12.0,Q3.12,0.000244140625,,,fx16 requant (non-linear I/O),DVS128_10
backbone.proc_memory_blocks.0.cross_attention.layer_norm_x.centered,0,4.541898727416992,2.910449266433716,1.5605490120713745,12.0,Q3.12,0.000244140625,,,fx16 requant (non-linear I/O),DVS128_10
backbone.proc_memory_blocks.0.cross_attention.layer_norm_x.hat,0,8.251806259155273,7.408501625061035,1.113829310807135,11.0,Q4.11,0.00048828125,,,fx16 requant (non-linear I/O),DVS128_10
backbone.proc_memory_blocks.0.cross_attention.layer_norm_x.in,0,5.0295515060424805,3.125910758972168,1.6089875539813072,12.0,Q3.12,0.000244140625,,,fx16 requant (non-linear I/O),DVS128_10
backbone.proc_memory_blocks.0.cross_attention.layer_norm_x.out,0,8.368171691894531,7.5099897384643555,1.1142720540661692,11.0,Q4.11,0.00048828125,,,fx16 requant (non-linear I/O),DVS128_10
backbone.proc_memory_blocks.0.cross_attention.softmax.in,0,27.235309600830078,14.275178909301758,1.9078786874666385,10.0,Q5.10,0.0009765625,,,fx16 requant (non-linear I/O),DVS128_10
backbone.proc_memory_blocks.0.cross_attention.softmax.out,0,1.0,0.9949674010276794,1.0050580541303389,14.0,Q1.14,6.103515625e-05,,,fx16 requant (non-linear I/O),DVS128_10
backbone.proc_memory_blocks.0.latent_attentions.0.gelu1.in,0,5.373542785644531,3.7065720558166504,1.4497337984329581,12.0,Q3.12,0.000244140625,,,fx16 requant (non-linear I/O),DVS128_10
backbone.proc_memory_blocks.0.latent_attentions.0.gelu1.out,0,5.373542785644531,3.2866923809051514,1.6349393745710585,12.0,Q3.12,0.000244140625,,,fx16 requant (non-linear I/O),DVS128_10
backbone.proc_memory_blocks.0.latent_attentions.0.gelu2.in,0,5.767707347869873,4.168818473815918,1.383535259233875,12.0,Q3.12,0.000244140625,,,fx16 requant (non-linear I/O),DVS128_10
backbone.proc_memory_blocks.0.latent_attentions.0.gelu2.out,0,5.767707347869873,3.3044214248657227,1.745451504601671,12.0,Q3.12,0.000244140625,,,fx16 requant (non-linear I/O),DVS128_10
backbone.proc_memory_blocks.0.latent_attentions.0.layer_norm_1.centered,0,45563.5546875,8.601500511169434,5297.163515637031,-1.0,Q16.-1,2.0,,,fx16 requant (non-linear I/O),DVS128_10
backbone.proc_memory_blocks.0.latent_attentions.0.layer_norm_1.hat,0,5.31280517578125,3.8193867206573486,1.391010014002162,12.0,Q3.12,0.000244140625,,,fx16 requant (non-linear I/O),DVS128_10
backbone.proc_memory_blocks.0.latent_attentions.0.layer_norm_1.in,0,48523.5234375,8.545619010925293,5678.175375647366,-1.0,Q16.-1,2.0,,,fx16 requant (non-linear I/O),DVS128_10
backbone.proc_memory_blocks.0.latent_attentions.0.layer_norm_1.out,0,5.460256099700928,4.167865753173828,1.3100844468281985,12.0,Q3.12,0.000244140625,,,fx16 requant (non-linear I/O),DVS128_10
backbone.proc_memory_blocks.0.latent_attentions.0.layer_norm_2.centered,0,5.160360336303711,3.123636484146118,1.6520361324036572,12.0,Q3.12,0.000244140625,,,fx16 requant (non-linear I/O),DVS128_10
backbone.proc_memory_blocks.0.latent_attentions.0.layer_norm_2.hat,0,8.476139068603516,6.060156345367432,1.3986667316071697,11.0,Q4.11,0.00048828125,,,fx16 requant (non-linear I/O),DVS128_10
backbone.proc_memory_blocks.0.latent_attentions.0.layer_norm_2.in,0,5.373542785644531,3.2866923809051514,1.6349393745710585,12.0,Q3.12,0.000244140625,,,fx16 requant (non-linear I/O),DVS128_10
backbone.proc_memory_blocks.0.latent_attentions.0.layer_norm_2.out,0,8.81853199005127,6.163223743438721,1.4308310645770976,11.0,Q4.11,0.00048828125,,,fx16 requant (non-linear I/O),DVS128_10
backbone.proc_memory_blocks.0.latent_attentions.0.layer_norm_att.centered,0,45563.71875,9.467718124389648,4812.534356364495,-1.0,Q16.-1,2.0,,,fx16 requant (non-linear I/O),DVS128_10
backbone.proc_memory_blocks.0.latent_attentions.0.layer_norm_att.hat,0,5.230914115905762,3.828725576400757,1.3662285299703172,12.0,Q3.12,0.000244140625,,,fx16 requant (non-linear I/O),DVS128_10
backbone.proc_memory_blocks.0.latent_attentions.0.layer_norm_att.in,0,48523.68359375,9.456365585327148,5131.324836789428,-1.0,Q16.-1,2.0,,,fx16 requant (non-linear I/O),DVS128_10
backbone.proc_memory_blocks.0.latent_attentions.0.layer_norm_att.out,0,5.561802864074707,3.839899778366089,1.4484239654924804,12.0,Q3.12,0.000244140625,,,fx16 requant (non-linear I/O),DVS128_10
backbone.proc_memory_blocks.0.latent_attentions.0.layer_norm_x.centered,0,45563.5546875,8.601500511169434,5297.163515637031,-1.0,Q16.-1,2.0,,,fx16 requant (non-linear I/O),DVS128_10
backbone.proc_memory_blocks.0.latent_attentions.0.layer_norm_x.hat,0,5.31280517578125,3.8193867206573486,1.391010014002162,12.0,Q3.12,0.000244140625,,,fx16 requant (non-linear I/O),DVS128_10
backbone.proc_memory_blocks.0.latent_attentions.0.layer_norm_x.in,0,48523.5234375,8.545619010925293,5678.175375647366,-1.0,Q16.-1,2.0,,,fx16 requant (non-linear I/O),DVS128_10
backbone.proc_memory_blocks.0.latent_attentions.0.layer_norm_x.out,0,5.120169639587402,3.755740165710449,1.363291765051817,12.0,Q3.12,0.000244140625,,,fx16 requant (non-linear I/O),DVS128_10
backbone.proc_memory_blocks.0.latent_attentions.0.softmax.in,0,74.23567199707031,31.795021057128906,2.334820658356683,8.0,Q7.8,0.00390625,,,fx16 requant (non-linear I/O),DVS128_10
backbone.proc_memory_blocks.0.latent_attentions.0.softmax.out,0,1.0,1.0,1.0,14.0,Q1.14,6.103515625e-05,,,fx16 requant (non-linear I/O),DVS128_10
backbone.proc_memory_blocks.0.latent_attentions.1.gelu1.in,0,5.630520343780518,4.089385509490967,1.3768622035542417,12.0,Q3.12,0.000244140625,,,fx16 requant (non-linear I/O),DVS128_10
backbone.proc_memory_blocks.0.latent_attentions.1.gelu1.out,0,5.274957180023193,3.345755100250244,1.5766118624846917,12.0,Q3.12,0.000244140625,,,fx16 requant (non-linear I/O),DVS128_10
backbone.proc_memory_blocks.0.latent_attentions.1.gelu2.in,0,6.151431083679199,4.758228302001953,1.292798641269709,12.0,Q3.12,0.000244140625,,,fx16 requant (non-linear I/O),DVS128_10
backbone.proc_memory_blocks.0.latent_attentions.1.gelu2.out,0,5.774011135101318,4.009984016418457,1.4399087655861564,12.0,Q3.12,0.000244140625,,,fx16 requant (non-linear I/O),DVS128_10
backbone.proc_memory_blocks.0.latent_attentions.1.layer_norm_1.centered,0,45562.515625,9.830981254577637,4634.584732198991,-1.0,Q16.-1,2.0,,,fx16 requant (non-linear I/O),DVS128_10
backbone.proc_memory_blocks.0.latent_attentions.1.layer_norm_1.hat,0,5.13728666305542,3.8408079147338867,1.3375536546225224,12.0,Q3.12,0.000244140625,,,fx16 requant (non-linear I/O),DVS128_10
backbone.proc_memory_blocks.0.latent_attentions.1.layer_norm_1.in,0,48522.48828125,9.827537536621094,4937.4004525993405,-1.0,Q16.-1,2.0,,,fx16 requant (non-linear I/O),DVS128_10
backbone.proc_memory_blocks.0.latent_attentions.1.layer_norm_1.out,0,5.552469730377197,4.003634452819824,1.3868573157238426,12.0,Q3.12,0.000244140625,,,fx16 requant (non-linear I/O),DVS128_10
backbone.proc_memory_blocks.0.latent_attentions.1.layer_norm_2.centered,0,5.007153034210205,3.141618490219116,1.5938132048175508,12.0,Q3.12,0.000244140625,,,fx16 requant (non-linear I/O),DVS128_10
backbone.proc_memory_blocks.0.latent_attentions.1.layer_norm_2.hat,0,8.890604972839355,6.0224080085754395,1.4762541761002952,11.0,Q4.11,0.00048828125,,,fx16 requant (non-linear I/O),DVS128_10
backbone.proc_memory_blocks.0.latent_attentions.1.layer_norm_2.in,0,5.274957180023193,3.345755100250244,1.5766118624846917,12.0,Q3.12,0.000244140625,,,fx16 requant (non-linear I/O),DVS128_10
backbone.proc_memory_blocks.0.latent_attentions.1.layer_norm_2.out,0,9.316115379333496,6.112054824829102,1.52421986489527,11.0,Q4.11,0.00048828125,,,fx16 requant (non-linear I/O),DVS128_10
backbone.proc_memory_blocks.0.latent_attentions.1.layer_norm_att.centered,0,45562.2265625,10.404820442199707,4378.95366052733,-1.0,Q16.-1,2.0,,,fx16 requant (non-linear I/O),DVS128_10
backbone.proc_memory_blocks.0.latent_attentions.1.layer_norm_att.hat,0,5.154135704040527,3.834886312484741,1.3440126470661926,12.0,Q3.12,0.000244140625,,,fx16 requant (non-linear I/O),DVS128_10
backbone.proc_memory_blocks.0.latent_attentions.1.layer_norm_att.in,0,48522.17578125,10.377680778503418,4675.628092334467,-1.0,Q16.-1,2.0,,,fx16 requant (non-linear I/O),DVS128_10
backbone.proc_memory_blocks.0.latent_attentions.1.layer_norm_att.out,0,5.26416015625,3.8597984313964844,1.3638432808900371,12.0,Q3.12,0.000244140625,,,fx16 requant (non-linear I/O),DVS128_10
backbone.proc_memory_blocks.0.latent_attentions.1.layer_norm_x.centered,0,45562.515625,9.830981254577637,4634.584732198991,-1.0,Q16.-1,2.0,,,fx16 requant (non-linear I/O),DVS128_10
backbone.proc_memory_blocks.0.latent_attentions.1.layer_norm_x.hat,0,5.13728666305542,3.8408079147338867,1.3375536546225224,12.0,Q3.12,0.000244140625,,,fx16 requant (non-linear I/O),DVS128_10
backbone.proc_memory_blocks.0.latent_attentions.1.layer_norm_x.in,0,48522.48828125,9.827537536621094,4937.4004525993405,-1.0,Q16.-1,2.0,,,fx16 requant (non-linear I/O),DVS128_10
backbone.proc_memory_blocks.0.latent_attentions.1.layer_norm_x.out,0,5.015369892120361,3.8296689987182617,1.3096092361504186,12.0,Q3.12,0.000244140625,,,fx16 requant (non-linear I/O),DVS128_10
backbone.proc_memory_blocks.0.latent_attentions.1.softmax.in,0,69.07071685791016,31.150270462036133,2.21733923440854,8.0,Q7.8,0.00390625,,,fx16 requant (non-linear I/O),DVS128_10
backbone.proc_memory_blocks.0.latent_attentions.1.softmax.out,0,1.0,0.9999998807907104,1.0000001192093038,14.0,Q1.14,6.103515625e-05,,,fx16 requant (non-linear I/O),DVS128_10
models_clf.0.log_softmax.in,0,21.981454849243164,20.089313507080078,1.0941864609508054,10.0,Q5.10,0.0009765625,,,fx16 requant (non-linear I/O),DVS128_10
models_clf.0.relu.in,0,14.481359481811523,12.812689781188965,1.130235706094471,,INT8,0.11402645261268916,,,int8 requant (ReLU input),DVS128_10
every scale in the model,3471,0.1152443140745163,0.0007390085957013071,155.94448392735043,18.0,Q-3.18,3.814697265625e-06,0.0021869116462767124,0.0007505603134632111,ALL scales under ONE global Q format,DVS128_10
backbone.event_projection.seq_init.0,96,0.002612925134599209,0.0008652880205772817,3.019717218384673,23.0,Q-8.23,1.1920928955078125e-07,6.034091711626388e-05,1.9225617506890558e-05,"weight_scale (per-channel, per-layer exponent)",DVS128_11
backbone.preproc_block_events.seq_init.0,128,0.0029498403891921043,0.0010027590906247497,2.9417239063415157,23.0,Q-8.23,1.1920928955078125e-07,4.256442844052799e-05,1.903497104649432e-05,"weight_scale (per-channel, per-layer exponent)",DVS128_11
backbone.proc_event_blocks.0.seq_init.1,128,0.001977714477106929,0.0008399372454732656,2.354597903314287,23.0,Q-8.23,1.1920928955078125e-07,6.099229722167365e-05,2.321494866919238e-05,"weight_scale (per-channel, per-layer exponent)",DVS128_11
backbone.proc_event_blocks.0.seq_init.4,128,0.0020546228624880314,0.000843684421852231,2.4352978545903423,23.0,Q-8.23,1.1920928955078125e-07,5.9432019043015316e-05,2.2204083506949246e-05,"weight_scale (per-channel, per-layer exponent)",DVS128_11
backbone.proc_memory_blocks.0.cross_attention.attention.in_proj,384,0.0026084992568939924,0.0010260931449010968,2.5421661472511063,23.0,Q-8.23,1.1920928955078125e-07,5.72947392356582e-05,2.0948258679709397e-05,"weight_scale (per-channel, per-layer exponent)",DVS128_11
backbone.proc_memory_blocks.0.cross_attention.attention.out_proj,128,0.001834918512031436,0.0009275854681618512,1.9781665140438223,24.0,Q-9.24,5.960464477539063e-08,2.6805721063283272e-05,1.1659758456517011e-05,"weight_scale (per-channel, per-layer exponent)",DVS128_11
backbone.proc_memory_blocks.0.cross_attention.linear1,128,0.0015245224349200726,0.0007973887259140611,1.9118936415516599,24.0,Q-9.24,5.960464477539063e-08,3.195462704752572e-05,1.3790955563308671e-05,"weight_scale (per-channel, per-layer exponent)",DVS128_11
backbone.proc_memory_blocks.0.cross_attention.linear2,128,0.0016838492592796683,0.0008321930654346943,2.023387756061285,24.0,Q-9.24,5.960464477539063e-08,3.21989027725067e-05,1.4621774425904732e-05,"weight_scale (per-channel, per-layer exponent)",DVS128_11
backbone.proc_memory_blocks.0.cross_attention.linear3,128,0.001585212885402143,0.0008824060787446797,1.796466415618174,24.0,Q-9.24,5.960464477539063e-08,2.8952996217412874e-05,1.445432280888781e-05,"weight_scale (per-channel, per-layer exponent)",DVS128_11
backbone.proc_memory_blocks.0.latent_attentions.0.attention.in_proj,384,0.0027750886511057615,0.0009092519176192582,3.0520569682953447,23.0,Q-8.23,1.1920928955078125e-07,5.822211824124679e-05,2.160965232178569e-05,"weight_scale (per-channel, per-layer exponent)",DVS128_11
backbone.proc_memory_blocks.0.latent_attentions.0.attention.out_proj,128,0.0013128191931173205,0.0007896145107224584,1.6626077349011175,24.0,Q-9.24,5.960464477539063e-08,3.523651321302168e-05,1.5591445844620466e-05,"weight_scale (per-channel, per-layer exponent)",DVS128_11
backbone.proc_memory_blocks.0.latent_attentions.0.linear1,128,0.0018408942269161344,0.0008587213815189898,2.1437619541506954,24.0,Q-9.24,5.960464477539063e-08,3.0392006010515615e-05,1.1904103303095326e-05,"weight_scale (per-channel, per-layer exponent)",DVS128_11
backbone.proc_memory_blocks.0.latent_attentions.0.linear2,128,0.0018407248426228762,0.000840027816593647,2.191266534585847,24.0,Q-9.24,5.960464477539063e-08,2.8565715183503926e-05,1.3910400411987212e-05,"weight_scale (per-channel, per-layer exponent)",DVS128_11
backbone.proc_memory_blocks.0.latent_attentions.0.linear3,128,0.0017346650129184127,0.0008114341180771589,2.1377767760480886,24.0,Q-9.24,5.960464477539063e-08,3.5205721360398456e-05,1.3452574421535246e-05,"weight_scale (per-channel, per-layer exponent)",DVS128_11
backbone.proc_memory_blocks.0.latent_attentions.1.attention.in_proj,384,0.002625253051519394,0.000908035843167454,2.8911337270144104,23.0,Q-8.23,1.1920928955078125e-07,5.8331592299509794e-05,2.0710014723590575e-05,"weight_scale (per-channel, per-layer exponent)",DVS128_11
backbone.proc_memory_blocks.0.latent_attentions.1.attention.out_proj,128,0.001458567101508379,0.0007897986215539277,1.8467582263421152,24.0,Q-9.24,5.960464477539063e-08,3.331395419081673e-05,1.4349549019243568e-05,"weight_scale (per-channel, per-layer exponent)",DVS128_11
backbone.proc_memory_blocks.0.latent_attentions.1.linear1,128,0.0019345009932294488,0.000943223771173507,2.0509459709891,24.0,Q-9.24,5.960464477539063e-08,2.9322554837563075e-05,1.2665281246881932e-05,"weight_scale (per-channel, per-layer exponent)",DVS128_11
backbone.proc_memory_blocks.0.latent_attentions.1.linear2,128,0.0017372537404298782,0.0008242520852945745,2.1076728484211373,24.0,Q-9.24,5.960464477539063e-08,2.985685750900302e-05,1.3198335182096343e-05,"weight_scale (per-channel, per-layer exponent)",DVS128_11
backbone.proc_memory_blocks.0.latent_attentions.1.linear3,128,0.001844530925154686,0.0008752439171075821,2.1074478657907227,24.0,Q-9.24,5.960464477539063e-08,2.8930046028108336e-05,1.2145671462349128e-05,"weight_scale (per-channel, per-layer exponent)",DVS128_11
backbone.proc_embs_block.linear1,128,0.002066416898742318,0.0010954743484035134,1.8863215754470246,23.0,Q-8.23,1.1920928955078125e-07,5.387854980654083e-05,2.1567349904216826e-05,"weight_scale (per-channel, per-layer exponent)",DVS128_11
models_clf.0.linear_1,128,0.002636299468576908,0.0008107521571218967,3.2516712356776867,23.0,Q-8.23,1.1920928955078125e-07,4.7398229071404785e-05,1.8599281247588806e-05,"weight_scale (per-channel, per-layer exponent)",DVS128_11
models_clf.0.linear_2,11,0.0027866563759744167,0.0013288221089169383,2.0970876065914434,23.0,Q-8.23,1.1920928955078125e-07,3.2478659704793245e-05,1.5392768546007574e-05,"weight_scale (per-channel, per-layer exponent)",DVS128_11
all nn.Linear inputs,16,0.10919097065925598,0.02200312167406082,4.962521785623706,18.0,Q-3.18,3.814697265625e-06,4.3793181248474866e-05,2.4196740923798643e-05,activation_scale (per-tensor),DVS128_11
attention Q/K/V/out_proj,21,0.0800139382481575,0.034115493297576904,2.345384179270847,18.0,Q-3.18,3.814697265625e-06,3.938280133297667e-05,1.9478186004562303e-05,activation_scale (per-tensor),DVS128_11
backbone.pos_encoding,28224,1.2515028715133667,2.531231257307809e-05,49442.453125,,INT8,0.009854353319002888,1.0,0.015405149199068546,positional encoding (-> INT8),DVS128_11
backbone.memory_vertical,12288,0.7773422002792358,1.4945488146622665e-05,52011.83077147582,15.0,Q0.15,3.0517578125e-05,1.0,0.00046390059287659824,latent memory table (-> Q16),DVS128_11
all LayerNorm weight/bias,3328,1.2596760988235474,8.082879503490403e-05,15584.496815517114,14.0,Q1.14,6.103515625e-05,0.24488350749015808,0.0014830059371888638,LayerNorm affine (-> Q16),DVS128_11
backbone.event_projection.seq_init.1.in,0,14.291707038879395,9.884659767150879,1.4458471384492364,11.0,Q4.11,0.00048828125,,,fx16 requant (non-linear I/O),DVS128_11
backbone.event_projection.seq_init.1.out,0,8.991450309753418,6.548245429992676,1.3731083243413915,11.0,Q4.11,0.00048828125,,,fx16 requant (non-linear I/O),DVS128_11
backbone.preproc_block_events.seq_init.0.in_a,0,8.991450309753418,6.548245429992676,1.3731083243413915,,INT8,0.07079882133664109,,,int8 requant (ReLU input),DVS128_11
backbone.preproc_block_events.seq_init.0.in_b,0,1.2515028715133667,1.2515028715133667,1.0,,INT8,0.009854353319002888,,,int8 requant (ReLU input),DVS128_11
backbone.preproc_block_events.seq_init.1.in,0,8.203553199768066,6.809946060180664,1.204642904256782,11.0,Q4.11,0.00048828125,,,fx16 requant (non-linear I/O),DVS128_11
backbone.preproc_block_events.seq_init.1.out,0,5.654751777648926,4.592143535614014,1.2313970009417032,12.0,Q3.12,0.000244140625,,,fx16 requant (non-linear I/O),DVS128_11
backbone.proc_embs_block.layer_norm.centered,0,403472.40625,783.9221801757812,514.6842587864119,-4.0,Q19.-4,16.0,,,fx16 requant (non-linear I/O),DVS128_11
backbone.proc_embs_block.layer_norm.hat,0,5.078856468200684,4.096303939819336,1.2398631895524534,12.0,Q3.12,0.000244140625,,,fx16 requant (non-linear I/O),DVS128_11
backbone.proc_embs_block.layer_norm.in,0,407545.0,790.870361328125,515.3120156325004,-4.0,Q19.-4,16.0,,,fx16 requant (non-linear I/O),DVS128_11
backbone.proc_embs_block.layer_norm.out,0,5.2148518562316895,4.515990257263184,1.1547526808421495,12.0,Q3.12,0.000244140625,,,fx16 requant (non-linear I/O),DVS128_11
backbone.proc_embs_block.relu.in,0,8.523270606994629,7.036072731018066,1.211367609862864,,INT8,0.06711236698420968,,,int8 requant (ReLU input),DVS128_11
backbone.proc_event_blocks.0.seq_init.2.in,0,4.024321556091309,2.1844475269317627,1.8422605745736549,,INT8,0.03168757130780558,,,int8 requant (ReLU input),DVS128_11
backbone.proc_event_blocks.0.seq_init.5.in,0,1.8592618703842163,1.2035599946975708,1.5448019862536304,,INT8,0.014639857247119813,,,int8 requant (ReLU input),DVS128_11
backbone.proc_memory_blocks.0.cross_attention.gelu1.in,0,4.870962619781494,3.484415054321289,1.397928359235115,12.0,Q3.12,0.000244140625,,,fx16 requant (non-linear I/O),DVS128_11
backbone.proc_memory_blocks.0.cross_attention.gelu1.out,0,4.698887348175049,2.9107954502105713,1.614296651396485,12.0,Q3.12,0.000244140625,,,fx16 requant (non-linear I/O),DVS128_11
backbone.proc_memory_blocks.0.cross_attention.gelu2.in,0,5.686697006225586,3.814552068710327,1.490790243203632,12.0,Q3.12,0.000244140625,,,fx16 requant (non-linear I/O),DVS128_11
backbone.proc_memory_blocks.0.cross_attention.gelu2.out,0,5.686697006225586,3.4785540103912354,1.6347876126799017,12.0,Q3.12,0.000244140625,,,fx16 requant (non-linear I/O),DVS128_11
backbone.proc_memory_blocks.0.cross_attention.layer_norm_1.centered,0,100869.6953125,0.7695747017860413,131072.0,-2.0,Q17.-2,4.0,,,fx16 requant (non-linear I/O),DVS128_11
backbone.proc_memory_blocks.0.cross_attention.layer_norm_1.hat,0,5.357217788696289,3.855013847351074,1.3896753684496972,12.0,Q3.12,0.000244140625,,,fx16 requant (non-linear I/O),DVS128_11
backbone.proc_memory_blocks.0.cross_attention.layer_norm_1.in,0,101887.796875,0.7773422002792358,131072.0,-2.0,Q17.-2,4.0,,,fx16 requant (non-linear I/O),DVS128_11
backbone.proc_memory_blocks.0.cross_attention.layer_norm_1.out,0,5.273365497589111,3.798973560333252,1.3881027108613315,12.0,Q3.12,0.000244140625,,,fx16 requant (non-linear I/O),DVS128_11
backbone.proc_memory_blocks.0.cross_attention.layer_norm_2.centered,0,4.514151573181152,2.751765012741089,1.6404567803863872,12.0,Q3.12,0.000244140625,,,fx16 requant (non-linear I/O),DVS128_11
backbone.proc_memory_blocks.0.cross_attention.layer_norm_2.hat,0,7.880679607391357,5.942694187164307,1.326112258041635,12.0,Q3.12,0.000244140625,,,fx16 requant (non-linear I/O),DVS128_11
backbone.proc_memory_blocks.0.cross_attention.layer_norm_2.in,0,4.698887348175049,2.9107954502105713,1.614296651396485,12.0,Q3.12,0.000244140625,,,fx16 requant (non-linear I/O),DVS128_11
backbone.proc_memory_blocks.0.cross_attention.layer_norm_2.out,0,7.921526908874512,6.112674236297607,1.2959183824709282,12.0,Q3.12,0.000244140625,,,fx16 requant (non-linear I/O),DVS128_11
backbone.proc_memory_blocks.0.cross_attention.layer_norm_att.centered,0,100869.4140625,8.098287582397461,12455.647324966703,-2.0,Q17.-2,4.0,,,fx16 requant (non-linear I/O),DVS128_11
backbone.proc_memory_blocks.0.cross_attention.layer_norm_att.hat,0,5.304427623748779,3.9884250164031982,1.3299554590930647,12.0,Q3.12,0.000244140625,,,fx16 requant (non-linear I/O),DVS128_11
backbone.proc_memory_blocks.0.cross_attention.layer_norm_att.in,0,101887.5546875,8.096298217773438,12584.461681985831,-2.0,Q17.-2,4.0,,,fx16 requant (non-linear I/O),DVS128_11
backbone.proc_memory_blocks.0.cross_attention.layer_norm_att.out,0,5.110129356384277,3.953622579574585,1.2925182547227698,12.0,Q3.12,0.000244140625,,,fx16 requant (non-linear I/O),DVS128_11
backbone.proc_memory_blocks.0.cross_attention.layer_norm_x.centered,0,5.213491439819336,2.8449673652648926,1.8325311929663952,12.0,Q3.12,0.000244140625,,,fx16 requant (non-linear I/O),DVS128_11
backbone.proc_memory_blocks.0.cross_attention.layer_norm_x.hat,0,8.066951751708984,6.737443447113037,1.1973312748421858,11.0,Q4.11,0.00048828125,,,fx16 requant (non-linear I/O),DVS128_11
backbone.proc_memory_blocks.0.cross_attention.layer_norm_x.in,0,5.755276679992676,3.1096889972686768,1.8507563570015169,12.0,Q3.12,0.000244140625,,,fx16 requant (non-linear I/O),DVS128_11
backbone.proc_memory_blocks.0.cross_attention.layer_norm_x.out,0,8.969566345214844,7.311490058898926,1.2267767955586355,11.0,Q4.11,0.00048828125,,,fx16 requant (non-linear I/O),DVS128_11
backbone.proc_memory_blocks.0.cross_attention.softmax.in,0,26.879873275756836,14.748896598815918,1.8225006254308425,10.0,Q5.10,0.0009765625,,,fx16 requant (non-linear I/O),DVS128_11
backbone.proc_memory_blocks.0.cross_attention.softmax.out,0,1.0,0.9963337182998657,1.003679772783752,14.0,Q1.14,6.103515625e-05,,,fx16 requant (non-linear I/O),DVS128_11
backbone.proc_memory_blocks.0.latent_attentions.0.gelu1.in,0,6.016366481781006,4.453156471252441,1.3510341531046437,12.0,Q3.12,0.000244140625,,,fx16 requant (non-linear I/O),DVS128_11
backbone.proc_memory_blocks.0.latent_attentions.0.gelu1.out,0,5.982449054718018,3.6462323665618896,1.6407207367200782,12.0,Q3.12,0.000244140625,,,fx16 requant (non-linear I/O),DVS128_11
backbone.proc_memory_blocks.0.latent_attentions.0.gelu2.in,0,5.164266109466553,3.9315483570098877,1.3135451075550804,12.0,Q3.12,0.000244140625,,,fx16 requant (non-linear I/O),DVS128_11
backbone.proc_memory_blocks.0.latent_attentions.0.gelu2.out,0,4.775337219238281,3.27565336227417,1.4578273984164594,12.0,Q3.12,0.000244140625,,,fx16 requant (non-linear I/O),DVS128_11
backbone.proc_memory_blocks.0.latent_attentions.0.layer_norm_1.centered,0,100868.7421875,8.185015678405762,12323.585702299684,-2.0,Q17.-2,4.0,,,fx16 requant (non-linear I/O),DVS128_11
backbone.proc_memory_blocks.0.latent_attentions.0.layer_norm_1.hat,0,5.3078436851501465,3.982865810394287,1.3326694741504967,12.0,Q3.12,0.000244140625,,,fx16 requant (non-linear I/O),DVS128_11
backbone.proc_memory_blocks.0.latent_attentions.0.layer_norm_1.in,0,101886.9140625,8.092133522033691,12590.859232003142,-2.0,Q17.-2,4.0,,,fx16 requant (non-linear I/O),DVS128_11
backbone.proc_memory_blocks.0.latent_attentions.0.layer_norm_1.out,0,5.763265609741211,4.236146450042725,1.3604972532720356,12.0,Q3.12,0.000244140625,,,fx16 requant (non-linear I/O),DVS128_11
backbone.proc_memory_blocks.0.latent_attentions.0.layer_norm_2.centered,0,5.608548164367676,3.4432952404022217,1.6288316199433786,12.0,Q3.12,0.000244140625,,,fx16 requant (non-linear I/O),DVS128_11
backbone.proc_memory_blocks.0.latent_attentions.0.layer_norm_2.hat,0,8.039567947387695,6.142665863037109,1.3088076295611337,11.0,Q4.11,0.00048828125,,,fx16 requant (non-linear I/O),DVS128_11
backbone.proc_memory_blocks.0.latent_attentions.0.layer_norm_2.in,0,5.982449054718018,3.6462323665618896,1.6407207367200782,12.0,Q3.12,0.000244140625,,,fx16 requant (non-linear I/O),DVS128_11
backbone.proc_memory_blocks.0.latent_attentions.0.layer_norm_2.out,0,8.745035171508789,6.322126865386963,1.3832425950493048,11.0,Q4.11,0.00048828125,,,fx16 requant (non-linear I/O),DVS128_11
backbone.proc_memory_blocks.0.latent_attentions.0.layer_norm_att.centered,0,100868.703125,8.555215835571289,11790.316581564575,-2.0,Q17.-2,4.0,,,fx16 requant (non-linear I/O),DVS128_11
backbone.proc_memory_blocks.0.latent_attentions.0.layer_norm_att.hat,0,5.463556289672852,3.990847587585449,1.3690215348410295,12.0,Q3.12,0.000244140625,,,fx16 requant (non-linear I/O),DVS128_11
backbone.proc_memory_blocks.0.latent_attentions.0.layer_norm_att.in,0,101886.859375,8.493528366088867,11995.822582025148,-2.0,Q17.-2,4.0,,,fx16 requant (non-linear I/O),DVS128_11
backbone.proc_memory_blocks.0.latent_attentions.0.layer_norm_att.out,0,5.2781596183776855,4.0294365882873535,1.3099001566919015,12.0,Q3.12,0.000244140625,,,fx16 requant (non-linear I/O),DVS128_11
backbone.proc_memory_blocks.0.latent_attentions.0.layer_norm_x.centered,0,100868.7421875,8.185015678405762,12323.585702299684,-2.0,Q17.-2,4.0,,,fx16 requant (non-linear I/O),DVS128_11
backbone.proc_memory_blocks.0.latent_attentions.0.layer_norm_x.hat,0,5.3078436851501465,3.982865810394287,1.3326694741504967,12.0,Q3.12,0.000244140625,,,fx16 requant (non-linear I/O),DVS128_11
backbone.proc_memory_blocks.0.latent_attentions.0.layer_norm_x.in,0,101886.9140625,8.092133522033691,12590.859232003142,-2.0,Q17.-2,4.0,,,fx16 requant (non-linear I/O),DVS128_11
backbone.proc_memory_blocks.0.latent_attentions.0.layer_norm_x.out,0,5.2446980476379395,3.922935724258423,1.336931934725843,12.0,Q3.12,0.000244140625,,,fx16 requant (non-linear I/O),DVS128_11
backbone.proc_memory_blocks.0.latent_attentions.0.softmax.in,0,48.641178131103516,25.21285057067871,1.9292216877559565,9.0,Q6.9,0.001953125,,,fx16 requant (non-linear I/O),DVS128_11
backbone.proc_memory_blocks.0.latent_attentions.0.softmax.out,0,1.0,0.9999943971633911,1.0000056028680009,14.0,Q1.14,6.103515625e-05,,,fx16 requant (non-linear I/O),DVS128_11
backbone.proc_memory_blocks.0.latent_attentions.1.gelu1.in,0,6.17722749710083,4.2252607345581055,1.4619754578877768,12.0,Q3.12,0.000244140625,,,fx16 requant (non-linear I/O),DVS128_11
backbone.proc_memory_blocks.0.latent_attentions.1.gelu1.out,0,4.932173252105713,3.4224395751953125,1.4411279275322904,12.0,Q3.12,0.000244140625,,,fx16 requant (non-linear I/O),DVS128_11
backbone.proc_memory_blocks.0.latent_attentions.1.gelu2.in,0,5.3816022872924805,4.204182147979736,1.2800592595348272,12.0,Q3.12,0.000244140625,,,fx16 requant (non-linear I/O),DVS128_11
backbone.proc_memory_blocks.0.latent_attentions.1.gelu2.out,0,4.527290344238281,3.418349027633667,1.3244084520451302,12.0,Q3.12,0.000244140625,,,fx16 requant (non-linear I/O),DVS128_11
backbone.proc_memory_blocks.0.latent_attentions.1.layer_norm_1.centered,0,100867.578125,8.358370780944824,12067.851590761567,-2.0,Q17.-2,4.0,,,fx16 requant (non-linear I/O),DVS128_11
backbone.proc_memory_blocks.0.latent_attentions.1.layer_norm_1.hat,0,5.538372993469238,4.017624855041504,1.3785191981076652,12.0,Q3.12,0.000244140625,,,fx16 requant (non-linear I/O),DVS128_11
backbone.proc_memory_blocks.0.latent_attentions.1.layer_norm_1.in,0,101885.7421875,8.363363265991211,12182.388705009178,-2.0,Q17.-2,4.0,,,fx16 requant (non-linear I/O),DVS128_11
backbone.proc_memory_blocks.0.latent_attentions.1.layer_norm_1.out,0,5.940815448760986,4.1857008934021,1.419311986225644,12.0,Q3.12,0.000244140625,,,fx16 requant (non-linear I/O),DVS128_11
backbone.proc_memory_blocks.0.latent_attentions.1.layer_norm_2.centered,0,4.733391761779785,3.1243538856506348,1.5149985997165858,12.0,Q3.12,0.000244140625,,,fx16 requant (non-linear I/O),DVS128_11
backbone.proc_memory_blocks.0.latent_attentions.1.layer_norm_2.hat,0,8.564859390258789,6.3885817527771,1.34065113693437,11.0,Q4.11,0.00048828125,,,fx16 requant (non-linear I/O),DVS128_11
backbone.proc_memory_blocks.0.latent_attentions.1.layer_norm_2.in,0,4.932173252105713,3.4224395751953125,1.4411279275322904,12.0,Q3.12,0.000244140625,,,fx16 requant (non-linear I/O),DVS128_11
backbone.proc_memory_blocks.0.latent_attentions.1.layer_norm_2.out,0,9.189199447631836,6.451665878295898,1.4243142191453677,11.0,Q4.11,0.00048828125,,,fx16 requant (non-linear I/O),DVS128_11
backbone.proc_memory_blocks.0.latent_attentions.1.layer_norm_att.centered,0,100867.3203125,9.825362205505371,10266.015461087203,-2.0,Q17.-2,4.0,,,fx16 requant (non-linear I/O),DVS128_11
backbone.proc_memory_blocks.0.latent_attentions.1.layer_norm_att.hat,0,5.515597343444824,4.058629989624023,1.3589800887357482,12.0,Q3.12,0.000244140625,,,fx16 requant (non-linear I/O),DVS128_11
backbone.proc_memory_blocks.0.latent_attentions.1.layer_norm_att.in,0,101885.5,9.744552612304688,10455.636503141935,-2.0,Q17.-2,4.0,,,fx16 requant (non-linear I/O),DVS128_11
backbone.proc_memory_blocks.0.latent_attentions.1.layer_norm_att.out,0,5.281040668487549,3.948225259780884,1.3375732945846743,12.0,Q3.12,0.000244140625,,,fx16 requant (non-linear I/O),DVS128_11
backbone.proc_memory_blocks.0.latent_attentions.1.layer_norm_x.centered,0,100867.578125,8.358370780944824,12067.851590761567,-2.0,Q17.-2,4.0,,,fx16 requant (non-linear I/O),DVS128_11
backbone.proc_memory_blocks.0.latent_attentions.1.layer_norm_x.hat,0,5.538372993469238,4.017624855041504,1.3785191981076652,12.0,Q3.12,0.000244140625,,,fx16 requant (non-linear I/O),DVS128_11
backbone.proc_memory_blocks.0.latent_attentions.1.layer_norm_x.in,0,101885.7421875,8.363363265991211,12182.388705009178,-2.0,Q17.-2,4.0,,,fx16 requant (non-linear I/O),DVS128_11
backbone.proc_memory_blocks.0.latent_attentions.1.layer_norm_x.out,0,5.40216588973999,3.8768529891967773,1.3934409957750897,12.0,Q3.12,0.000244140625,,,fx16 requant (non-linear I/O),DVS128_11
backbone.proc_memory_blocks.0.latent_attentions.1.softmax.in,0,60.535491943359375,30.980405807495117,1.9539928663140356,9.0,Q6.9,0.001953125,,,fx16 requant (non-linear I/O),DVS128_11
backbone.proc_memory_blocks.0.latent_attentions.1.softmax.out,0,1.0,0.9999994039535522,1.000000596046803,14.0,Q1.14,6.103515625e-05,,,fx16 requant (non-linear I/O),DVS128_11
models_clf.0.log_softmax.in,0,19.5610408782959,16.140453338623047,1.2119263609212023,10.0,Q5.10,0.0009765625,,,fx16 requant (non-linear I/O),DVS128_11
models_clf.0.relu.in,0,14.415987014770508,12.230894088745117,1.1786535726800313,,INT8,0.11351170877772053,,,int8 requant (ReLU input),DVS128_11
every scale in the model,3472,0.10919097065925598,0.0007896145107224584,138.2838957193829,18.0,Q-3.18,3.814697265625e-06,0.002290131291374564,0.0007689331541769207,ALL scales under ONE global Q format,DVS128_11
backbone.event_projection.seq_init.0,96,0.008915643207728863,0.0018166505033150315,4.907737174244335,21.0,Q-6.21,4.76837158203125e-07,0.00011812746379291639,3.683680188260041e-05,"weight_scale (per-channel, per-layer exponent)",ASL_DVS
backbone.preproc_block_events.seq_init.0,128,0.011475373059511185,0.002941477345302701,3.9012277547662975,21.0,Q-6.21,4.76837158203125e-07,5.904620047658682e-05,2.184467484767083e-05,"weight_scale (per-channel, per-layer exponent)",ASL_DVS
backbone.proc_event_blocks.0.seq_init.1,128,0.006808867212384939,0.0004092849849257618,16.636005382948426,22.0,Q-7.22,2.384185791015625e-07,0.00019476744637358934,2.2415066268877126e-05,"weight_scale (per-channel, per-layer exponent)",ASL_DVS
backbone.proc_event_blocks.0.seq_init.4,128,0.004891751799732447,0.0003725549322552979,13.130283284990341,22.0,Q-7.22,2.384185791015625e-07,0.0002504513249732554,2.2794385586166754e-05,"weight_scale (per-channel, per-layer exponent)",ASL_DVS
backbone.proc_memory_blocks.0.cross_attention.attention.in_proj,384,0.008334514684975147,0.0010071921860799193,8.274999349839888,21.0,Q-6.21,4.76837158203125e-07,0.00016909999249037355,4.05713653890416e-05,"weight_scale (per-channel, per-layer exponent)",ASL_DVS
backbone.proc_memory_blocks.0.cross_attention.attention.out_proj,128,0.005664966069161892,0.0027887807227671146,2.0313415188631025,22.0,Q-7.22,2.384185791015625e-07,3.6506222386378795e-05,1.5714322216808796e-05,"weight_scale (per-channel, per-layer exponent)",ASL_DVS
backbone.proc_memory_blocks.0.cross_attention.linear1,128,0.005395596381276846,0.0027530237566679716,1.959880065767112,22.0,Q-7.22,2.384185791015625e-07,3.623636075644754e-05,1.4610020116379019e-05,"weight_scale (per-channel, per-layer exponent)",ASL_DVS
backbone.proc_memory_blocks.0.cross_attention.linear2,128,0.005943401716649532,0.0027052750810980797,2.1969676053191187,22.0,Q-7.22,2.384185791015625e-07,3.240773003199138e-05,1.4597728295484558e-05,"weight_scale (per-channel, per-layer exponent)",ASL_DVS
backbone.proc_memory_blocks.0.cross_attention.linear3,128,0.005423353053629398,0.0025365292094647884,2.1380999806320915,22.0,Q-7.22,2.384185791015625e-07,4.241221540723927e-05,1.731863449094817e-05,"weight_scale (per-channel, per-layer exponent)",ASL_DVS
backbone.proc_memory_blocks.0.latent_attentions.0.attention.in_proj,384,0.0068470994010567665,0.0016539779026061296,4.13977683152113,22.0,Q-7.22,2.384185791015625e-07,4.497661939240061e-05,1.538856486149598e-05,"weight_scale (per-channel, per-layer exponent)",ASL_DVS
backbone.proc_memory_blocks.0.latent_attentions.0.attention.out_proj,128,0.004893764387816191,0.0022339036222547293,2.190678388746603,22.0,Q-7.22,2.384185791015625e-07,4.2284846131224185e-05,1.7363430742989294e-05,"weight_scale (per-channel, per-layer exponent)",ASL_DVS
backbone.proc_memory_blocks.0.latent_attentions.0.linear1,128,0.0053849900141358376,0.00296100415289402,1.8186364274000315,22.0,Q-7.22,2.384185791015625e-07,3.5535886127036065e-05,1.5215311577776447e-05,"weight_scale (per-channel, per-layer exponent)",ASL_DVS
backbone.proc_memory_blocks.0.latent_attentions.0.linear2,128,0.006266857497394085,0.0030942033044993877,2.0253541479582906,22.0,Q-7.22,2.384185791015625e-07,3.405652387300506e-05,1.5330075257224962e-05,"weight_scale (per-channel, per-layer exponent)",ASL_DVS
backbone.proc_memory_blocks.0.latent_attentions.0.linear3,128,0.005685744807124138,0.0028844173066318035,1.9711935558185598,22.0,Q-7.22,2.384185791015625e-07,3.396382089704275e-05,1.5878707927186042e-05,"weight_scale (per-channel, per-layer exponent)",ASL_DVS
backbone.proc_memory_blocks.0.latent_attentions.1.attention.in_proj,384,0.007104436866939068,0.001188751426525414,5.976385565908033,22.0,Q-7.22,2.384185791015625e-07,8.555804379284382e-05,1.622099989617709e-05,"weight_scale (per-channel, per-layer exponent)",ASL_DVS
backbone.proc_memory_blocks.0.latent_attentions.1.attention.out_proj,128,0.004382165148854256,0.0019425766076892614,2.2558519090101368,22.0,Q-7.22,2.384185791015625e-07,4.4428528781281784e-05,1.827555024647154e-05,"weight_scale (per-channel, per-layer exponent)",ASL_DVS
backbone.proc_memory_blocks.0.latent_attentions.1.linear1,128,0.006299084983766079,0.0030189468525350094,2.0865173490804376,22.0,Q-7.22,2.384185791015625e-07,3.625719546107575e-05,1.728434108372312e-05,"weight_scale (per-channel, per-layer exponent)",ASL_DVS
backbone.proc_memory_blocks.0.latent_attentions.1.linear2,128,0.00594634423032403,0.00332033634185791,1.7908861085430654,22.0,Q-7.22,2.384185791015625e-07,3.5902776289731264e-05,1.3948767445981503e-05,"weight_scale (per-channel, per-layer exponent)",ASL_DVS
backbone.proc_memory_blocks.0.latent_attentions.1.linear3,128,0.005814490839838982,0.003082208801060915,1.8864688329478518,22.0,Q-7.22,2.384185791015625e-07,3.3744094253052026e-05,1.4799389646213967e-05,"weight_scale (per-channel, per-layer exponent)",ASL_DVS
backbone.proc_embs_block.linear1,128,0.0059569841250777245,0.002863883273676038,2.080037332468313,22.0,Q-7.22,2.384185791015625e-07,3.5106688301311806e-05,1.672203688940499e-05,"weight_scale (per-channel, per-layer exponent)",ASL_DVS
models_clf.0.linear_1,128,0.00643318984657526,0.0007795534329488873,8.25240397215602,22.0,Q-7.22,2.384185791015625e-07,9.662033698987216e-05,1.647702265472617e-05,"weight_scale (per-channel, per-layer exponent)",ASL_DVS
models_clf.0.linear_2,24,0.02127314731478691,0.0061841621063649654,3.439940116202939,20.0,Q-5.20,9.5367431640625e-07,6.724201375618577e-05,2.6038562282337807e-05,"weight_scale (per-channel, per-layer exponent)",ASL_DVS
all nn.Linear inputs,16,0.1384543627500534,0.017366813495755196,7.972352716512703,17.0,Q-2.17,7.62939453125e-06,0.00014305990771390498,6.607245450140908e-05,activation_scale (per-tensor),ASL_DVS
attention Q/K/V/out_proj,21,0.0802612453699112,0.01444889884442091,5.55483474790206,18.0,Q-3.18,3.814697265625e-06,9.178797336062416e-05,4.201663614367135e-05,activation_scale (per-tensor),ASL_DVS
backbone.pos_encoding,76800,0.7571404576301575,3.0484261515084654e-07,2483709.25,,INT8,0.005961735886851634,1.0,0.03487006202340126,positional encoding (-> INT8),ASL_DVS
backbone.memory_vertical,12288,0.835564374923706,6.420459612854756e-06,130140.89727326942,15.0,Q0.15,3.0517578125e-05,1.0,0.0004719413409475237,latent memory table (-> Q16),ASL_DVS
all LayerNorm weight/bias,3328,0.7761687636375427,5.3825006034458056e-05,14420.226226089966,15.0,Q0.15,3.0517578125e-05,0.15027236938476562,0.000565637310501188,LayerNorm affine (-> Q16),ASL_DVS
backbone.event_projection.seq_init.1.in,0,76.62738800048828,59.640968322753906,1.2848112657361703,8.0,Q7.8,0.00390625,,,fx16 requant (non-linear I/O),ASL_DVS
backbone.event_projection.seq_init.1.out,0,13.833873748779297,7.7523193359375,1.7844819271891288,11.0,Q4.11,0.00048828125,,,fx16 requant (non-linear I/O),ASL_DVS
backbone.preproc_block_events.seq_init.0.in_a,0,13.833873748779297,7.7523193359375,1.7844819271891288,,INT8,0.1089281397541677,,,int8 requant (ReLU input),ASL_DVS
backbone.preproc_block_events.seq_init.0.in_b,0,0.7571404576301575,0.7344953417778015,1.0308308501964694,,INT8,0.005961735886851634,,,int8 requant (ReLU input),ASL_DVS
backbone.preproc_block_events.seq_init.1.in,0,16.424692153930664,9.878950119018555,1.6625949069537775,10.0,Q5.10,0.0009765625,,,fx16 requant (non-linear I/O),ASL_DVS
backbone.preproc_block_events.seq_init.1.out,0,10.766894340515137,5.047929286956787,2.132932877711943,11.0,Q4.11,0.00048828125,,,fx16 requant (non-linear I/O),ASL_DVS
backbone.proc_embs_block.layer_norm.centered,0,20.524967193603516,15.669466018676758,1.3098702386628482,10.0,Q5.10,0.0009765625,,,fx16 requant (non-linear I/O),ASL_DVS
backbone.proc_embs_block.layer_norm.hat,0,5.2374958992004395,4.210688591003418,1.243857337346415,12.0,Q3.12,0.000244140625,,,fx16 requant (non-linear I/O),ASL_DVS
backbone.proc_embs_block.layer_norm.in,0,20.61275863647461,15.740472793579102,1.3095387226794752,10.0,Q5.10,0.0009765625,,,fx16 requant (non-linear I/O),ASL_DVS
backbone.proc_embs_block.layer_norm.out,0,2.511521100997925,1.8490136861801147,1.3583031427887844,13.0,Q2.13,0.0001220703125,,,fx16 requant (non-linear I/O),ASL_DVS
backbone.proc_embs_block.relu.in,0,5.5604658126831055,4.610499382019043,1.2060441509587732,,INT8,0.04378319537545752,,,int8 requant (ReLU input),ASL_DVS
backbone.proc_event_blocks.0.seq_init.2.in,0,26.464582443237305,12.794965744018555,2.0683589915517424,,INT8,0.20838253892312839,,,int8 requant (ReLU input),ASL_DVS
backbone.proc_event_blocks.0.seq_init.5.in,0,26.796432495117188,6.844245433807373,3.9151770278072346,,INT8,0.21099553145761565,,,int8 requant (ReLU input),ASL_DVS
backbone.proc_memory_blocks.0.cross_attention.gelu1.in,0,5.444860458374023,4.5768280029296875,1.1896580895958286,12.0,Q3.12,0.000244140625,,,fx16 requant (non-linear I/O),ASL_DVS
backbone.proc_memory_blocks.0.cross_attention.gelu1.out,0,4.710809230804443,3.8867135047912598,1.2120289352424092,12.0,Q3.12,0.000244140625,,,fx16 requant (non-linear I/O),ASL_DVS
backbone.proc_memory_blocks.0.cross_attention.gelu2.in,0,4.805263996124268,4.028660774230957,1.192769574162411,12.0,Q3.12,0.000244140625,,,fx16 requant (non-linear I/O),ASL_DVS
backbone.proc_memory_blocks.0.cross_attention.gelu2.out,0,4.660549163818359,3.126669406890869,1.4905794496683824,12.0,Q3.12,0.000244140625,,,fx16 requant (non-linear I/O),ASL_DVS
backbone.proc_memory_blocks.0.cross_attention.layer_norm_1.centered,0,0.8383578062057495,0.8383578062057495,1.0,15.0,Q0.15,3.0517578125e-05,,,fx16 requant (non-linear I/O),ASL_DVS
backbone.proc_memory_blocks.0.cross_attention.layer_norm_1.hat,0,6.004432201385498,6.004432201385498,1.0,12.0,Q3.12,0.000244140625,,,fx16 requant (non-linear I/O),ASL_DVS
backbone.proc_memory_blocks.0.cross_attention.layer_norm_1.in,0,0.835564374923706,0.835564374923706,1.0,15.0,Q0.15,3.0517578125e-05,,,fx16 requant (non-linear I/O),ASL_DVS
backbone.proc_memory_blocks.0.cross_attention.layer_norm_1.out,0,2.002484083175659,2.002484083175659,1.0,13.0,Q2.13,0.0001220703125,,,fx16 requant (non-linear I/O),ASL_DVS
backbone.proc_memory_blocks.0.cross_attention.layer_norm_2.centered,0,4.636048316955566,3.7917227745056152,1.222675968856937,12.0,Q3.12,0.000244140625,,,fx16 requant (non-linear I/O),ASL_DVS
backbone.proc_memory_blocks.0.cross_attention.layer_norm_2.hat,0,9.760398864746094,8.107369422912598,1.2038922066585243,11.0,Q4.11,0.00048828125,,,fx16 requant (non-linear I/O),ASL_DVS
backbone.proc_memory_blocks.0.cross_attention.layer_norm_2.in,0,4.710809230804443,3.8867135047912598,1.2120289352424092,12.0,Q3.12,0.000244140625,,,fx16 requant (non-linear I/O),ASL_DVS
backbone.proc_memory_blocks.0.cross_attention.layer_norm_2.out,0,4.441859245300293,3.2626760005950928,1.3614159801617214,12.0,Q3.12,0.000244140625,,,fx16 requant (non-linear I/O),ASL_DVS
backbone.proc_memory_blocks.0.cross_attention.layer_norm_att.centered,0,15.209083557128906,11.187898635864258,1.3594227166462,11.0,Q4.11,0.00048828125,,,fx16 requant (non-linear I/O),ASL_DVS
backbone.proc_memory_blocks.0.cross_attention.layer_norm_att.hat,0,5.285972595214844,4.453473091125488,1.1869326449391355,12.0,Q3.12,0.000244140625,,,fx16 requant (non-linear I/O),ASL_DVS
backbone.proc_memory_blocks.0.cross_attention.layer_norm_att.in,0,15.24965763092041,11.225741386413574,1.358454386752304,11.0,Q4.11,0.00048828125,,,fx16 requant (non-linear I/O),ASL_DVS
backbone.proc_memory_blocks.0.cross_attention.layer_norm_att.out,0,2.017664909362793,1.553853988647461,1.2984906716486613,13.0,Q2.13,0.0001220703125,,,fx16 requant (non-linear I/O),ASL_DVS
backbone.proc_memory_blocks.0.cross_attention.layer_norm_x.centered,0,27.05364990234375,5.792910575866699,4.670130765534241,10.0,Q5.10,0.0009765625,,,fx16 requant (non-linear I/O),ASL_DVS
backbone.proc_memory_blocks.0.cross_attention.layer_norm_x.hat,0,7.955616474151611,7.265894889831543,1.0949258962286006,12.0,Q3.12,0.000244140625,,,fx16 requant (non-linear I/O),ASL_DVS
backbone.proc_memory_blocks.0.cross_attention.layer_norm_x.in,0,29.559139251708984,6.185694694519043,4.778628870561692,10.0,Q5.10,0.0009765625,,,fx16 requant (non-linear I/O),ASL_DVS
backbone.proc_memory_blocks.0.cross_attention.layer_norm_x.out,0,4.30560827255249,3.7748632431030273,1.1405998032959672,12.0,Q3.12,0.000244140625,,,fx16 requant (non-linear I/O),ASL_DVS
backbone.proc_memory_blocks.0.cross_attention.softmax.in,0,13.801231384277344,12.496354103088379,1.1044206390459497,11.0,Q4.11,0.00048828125,,,fx16 requant (non-linear I/O),ASL_DVS
backbone.proc_memory_blocks.0.cross_attention.softmax.out,0,0.9499366879463196,0.5740910172462463,1.6546795880954548,15.0,Q0.15,3.0517578125e-05,,,fx16 requant (non-linear I/O),ASL_DVS
backbone.proc_memory_blocks.0.latent_attentions.0.gelu1.in,0,4.701632022857666,4.080530643463135,1.1522109337395894,12.0,Q3.12,0.000244140625,,,fx16 requant (non-linear I/O),ASL_DVS
backbone.proc_memory_blocks.0.latent_attentions.0.gelu1.out,0,4.103381156921387,3.0772621631622314,1.333451925559928,12.0,Q3.12,0.000244140625,,,fx16 requant (non-linear I/O),ASL_DVS
backbone.proc_memory_blocks.0.latent_attentions.0.gelu2.in,0,6.065364360809326,4.938288688659668,1.228232034052178,12.0,Q3.12,0.000244140625,,,fx16 requant (non-linear I/O),ASL_DVS
backbone.proc_memory_blocks.0.latent_attentions.0.gelu2.out,0,4.309028625488281,3.316159248352051,1.299403407007559,12.0,Q3.12,0.000244140625,,,fx16 requant (non-linear I/O),ASL_DVS
backbone.proc_memory_blocks.0.latent_attentions.0.layer_norm_1.centered,0,15.785958290100098,12.21614933013916,1.2922204750030075,11.0,Q4.11,0.00048828125,,,fx16 requant (non-linear I/O),ASL_DVS
backbone.proc_memory_blocks.0.latent_attentions.0.layer_norm_1.hat,0,5.531254768371582,4.662027359008789,1.1864483715830452,12.0,Q3.12,0.000244140625,,,fx16 requant (non-linear I/O),ASL_DVS
backbone.proc_memory_blocks.0.latent_attentions.0.layer_norm_1.in,0,15.72475814819336,12.258440017700195,1.2827699222321993,11.0,Q4.11,0.00048828125,,,fx16 requant (non-linear I/O),ASL_DVS
backbone.proc_memory_blocks.0.latent_attentions.0.layer_norm_1.out,0,3.478208541870117,2.338780641555786,1.4871888710162957,13.0,Q2.13,0.0001220703125,,,fx16 requant (non-linear I/O),ASL_DVS
backbone.proc_memory_blocks.0.latent_attentions.0.layer_norm_2.centered,0,4.077807426452637,3.093076705932617,1.3183660846920722,12.0,Q3.12,0.000244140625,,,fx16 requant (non-linear I/O),ASL_DVS
backbone.proc_memory_blocks.0.latent_attentions.0.layer_norm_2.hat,0,10.49438190460205,8.87658405303955,1.182254552189874,11.0,Q4.11,0.00048828125,,,fx16 requant (non-linear I/O),ASL_DVS
backbone.proc_memory_blocks.0.latent_attentions.0.layer_norm_2.in,0,4.103381156921387,3.0772621631622314,1.333451925559928,12.0,Q3.12,0.000244140625,,,fx16 requant (non-linear I/O),ASL_DVS
backbone.proc_memory_blocks.0.latent_attentions.0.layer_norm_2.out,0,4.880420207977295,4.157519817352295,1.1738777979139923,12.0,Q3.12,0.000244140625,,,fx16 requant (non-linear I/O),ASL_DVS
backbone.proc_memory_blocks.0.latent_attentions.0.layer_norm_att.centered,0,16.78912353515625,13.047525405883789,1.2867668782300423,10.0,Q5.10,0.0009765625,,,fx16 requant (non-linear I/O),ASL_DVS
backbone.proc_memory_blocks.0.latent_attentions.0.layer_norm_att.hat,0,5.328122138977051,4.387014389038086,1.2145212361943758,12.0,Q3.12,0.000244140625,,,fx16 requant (non-linear I/O),ASL_DVS
backbone.proc_memory_blocks.0.latent_attentions.0.layer_norm_att.in,0,16.872629165649414,13.041199684143066,1.293794250092269,10.0,Q5.10,0.0009765625,,,fx16 requant (non-linear I/O),ASL_DVS
backbone.proc_memory_blocks.0.latent_attentions.0.layer_norm_att.out,0,2.077685594558716,1.5635179281234741,1.3288530672957124,13.0,Q2.13,0.0001220703125,,,fx16 requant (non-linear I/O),ASL_DVS
backbone.proc_memory_blocks.0.latent_attentions.0.layer_norm_x.centered,0,15.785958290100098,12.21614933013916,1.2922204750030075,11.0,Q4.11,0.00048828125,,,fx16 requant (non-linear I/O),ASL_DVS
backbone.proc_memory_blocks.0.latent_attentions.0.layer_norm_x.hat,0,5.531254768371582,4.662027359008789,1.1864483715830452,12.0,Q3.12,0.000244140625,,,fx16 requant (non-linear I/O),ASL_DVS
backbone.proc_memory_blocks.0.latent_attentions.0.layer_norm_x.in,0,15.72475814819336,12.258440017700195,1.2827699222321993,11.0,Q4.11,0.00048828125,,,fx16 requant (non-linear I/O),ASL_DVS
backbone.proc_memory_blocks.0.latent_attentions.0.layer_norm_x.out,0,1.8574339151382446,1.4971485137939453,1.24064773669734,14.0,Q1.14,6.103515625e-05,,,fx16 requant (non-linear I/O),ASL_DVS
backbone.proc_memory_blocks.0.latent_attentions.0.softmax.in,0,22.57870864868164,17.94906234741211,1.2579324875952103,10.0,Q5.10,0.0009765625,,,fx16 requant (non-linear I/O),ASL_DVS
backbone.proc_memory_blocks.0.latent_attentions.0.softmax.out,0,0.9999960660934448,0.9316849708557129,1.0733199497411567,14.0,Q1.14,6.103515625e-05,,,fx16 requant (non-linear I/O),ASL_DVS
backbone.proc_memory_blocks.0.latent_attentions.1.gelu1.in,0,5.0220818519592285,4.044644355773926,1.2416621611712197,12.0,Q3.12,0.000244140625,,,fx16 requant (non-linear I/O),ASL_DVS
backbone.proc_memory_blocks.0.latent_attentions.1.gelu1.out,0,3.9547677040100098,2.9746315479278564,1.3294983396397182,13.0,Q2.13,0.0001220703125,,,fx16 requant (non-linear I/O),ASL_DVS
backbone.proc_memory_blocks.0.latent_attentions.1.gelu2.in,0,6.265004634857178,5.014383792877197,1.2494066855744976,12.0,Q3.12,0.000244140625,,,fx16 requant (non-linear I/O),ASL_DVS
backbone.proc_memory_blocks.0.latent_attentions.1.gelu2.out,0,5.231863498687744,3.7394700050354004,1.3990922488060487,12.0,Q3.12,0.000244140625,,,fx16 requant (non-linear I/O),ASL_DVS
backbone.proc_memory_blocks.0.latent_attentions.1.layer_norm_1.centered,0,18.045671463012695,13.869400024414062,1.3011140663076424,10.0,Q5.10,0.0009765625,,,fx16 requant (non-linear I/O),ASL_DVS
backbone.proc_memory_blocks.0.latent_attentions.1.layer_norm_1.hat,0,5.349145412445068,4.364298343658447,1.225659886478122,12.0,Q3.12,0.000244140625,,,fx16 requant (non-linear I/O),ASL_DVS
backbone.proc_memory_blocks.0.latent_attentions.1.layer_norm_1.in,0,17.980308532714844,13.777857780456543,1.3050148157443855,10.0,Q5.10,0.0009765625,,,fx16 requant (non-linear I/O),ASL_DVS
backbone.proc_memory_blocks.0.latent_attentions.1.layer_norm_1.out,0,3.6153717041015625,2.8712244033813477,1.2591742045114471,13.0,Q2.13,0.0001220703125,,,fx16 requant (non-linear I/O),ASL_DVS
backbone.proc_memory_blocks.0.latent_attentions.1.layer_norm_2.centered,0,3.905208110809326,2.9390523433685303,1.3287303710737788,13.0,Q2.13,0.0001220703125,,,fx16 requant (non-linear I/O),ASL_DVS
backbone.proc_memory_blocks.0.latent_attentions.1.layer_norm_2.hat,0,10.69973087310791,9.627096176147461,1.1114183007351748,11.0,Q4.11,0.00048828125,,,fx16 requant (non-linear I/O),ASL_DVS
backbone.proc_memory_blocks.0.latent_attentions.1.layer_norm_2.in,0,3.9547677040100098,2.9746315479278564,1.3294983396397182,13.0,Q2.13,0.0001220703125,,,fx16 requant (non-linear I/O),ASL_DVS
backbone.proc_memory_blocks.0.latent_attentions.1.layer_norm_2.out,0,6.388630390167236,4.463348388671875,1.4313537357697173,12.0,Q3.12,0.000244140625,,,fx16 requant (non-linear I/O),ASL_DVS
backbone.proc_memory_blocks.0.latent_attentions.1.layer_norm_att.centered,0,18.989940643310547,14.492491722106934,1.3103295835831446,10.0,Q5.10,0.0009765625,,,fx16 requant (non-linear I/O),ASL_DVS
backbone.proc_memory_blocks.0.latent_attentions.1.layer_norm_att.hat,0,5.342267990112305,4.31949520111084,1.236780628611056,12.0,Q3.12,0.000244140625,,,fx16 requant (non-linear I/O),ASL_DVS
backbone.proc_memory_blocks.0.latent_attentions.1.layer_norm_att.in,0,19.026443481445312,14.495135307312012,1.3126088910565397,10.0,Q5.10,0.0009765625,,,fx16 requant (non-linear I/O),ASL_DVS
backbone.proc_memory_blocks.0.latent_attentions.1.layer_norm_att.out,0,2.1269149780273438,1.5301234722137451,1.3900283321254954,13.0,Q2.13,0.0001220703125,,,fx16 requant (non-linear I/O),ASL_DVS
backbone.proc_memory_blocks.0.latent_attentions.1.layer_norm_x.centered,0,18.045671463012695,13.869400024414062,1.3011140663076424,10.0,Q5.10,0.0009765625,,,fx16 requant (non-linear I/O),ASL_DVS
backbone.proc_memory_blocks.0.latent_attentions.1.layer_norm_x.hat,0,5.349145412445068,4.364298343658447,1.225659886478122,12.0,Q3.12,0.000244140625,,,fx16 requant (non-linear I/O),ASL_DVS
backbone.proc_memory_blocks.0.latent_attentions.1.layer_norm_x.in,0,17.980308532714844,13.777857780456543,1.3050148157443855,10.0,Q5.10,0.0009765625,,,fx16 requant (non-linear I/O),ASL_DVS
backbone.proc_memory_blocks.0.latent_attentions.1.layer_norm_x.out,0,1.795204758644104,1.2989689111709595,1.3820228823073304,14.0,Q1.14,6.103515625e-05,,,fx16 requant (non-linear I/O),ASL_DVS
backbone.proc_memory_blocks.0.latent_attentions.1.softmax.in,0,20.056533813476562,15.770862579345703,1.2717461529176968,10.0,Q5.10,0.0009765625,,,fx16 requant (non-linear I/O),ASL_DVS
backbone.proc_memory_blocks.0.latent_attentions.1.softmax.out,0,0.9999792575836182,0.9988422989845276,1.001138276382815,14.0,Q1.14,6.103515625e-05,,,fx16 requant (non-linear I/O),ASL_DVS
models_clf.0.log_softmax.in,0,65.23421478271484,54.87578582763672,1.1887613780623325,8.0,Q7.8,0.00390625,,,fx16 requant (non-linear I/O),ASL_DVS
models_clf.0.relu.in,0,8.61520767211914,6.273196697235107,1.3733361295551705,,INT8,0.06783628088282788,,,int8 requant (ReLU input),ASL_DVS
every scale in the model,3485,0.1384543627500534,0.0003725549322552979,371.6347597706097,17.0,Q-2.17,7.62939453125e-06,0.00912763923406601,0.0005323747755028307,ALL scales under ONE global Q format,ASL_DVS
